Node,Gene,Gene_family,Duplications,Transfers,Losses,Originations,Copies,,Loss,1
321028,91,1103_MSA.fa.ufboot.ale.uml_rec,2.43,0,0,0.78,3.5,,Dup,9
324587,91,4630_MSA.fa.ufboot.ale.uml_rec,0.84,0.03,0,0.72,1.86,,Transfers,107
323823,91,38_MSA.fa.ufboot.ale.uml_rec,0.74,0.07,0.12,0.2,1.8,,,
321071,91,114_MSA.fa.ufboot.ale.uml_rec,0.6,0.24,0.03,0.23,1.36,,,
324848,91,4865_MSA.fa.ufboot.ale.uml_rec,0.59,0.06,0.29,0.02,1.76,,,
321113,91,1196_MSA.fa.ufboot.ale.uml_rec,0.59,0.22,0.02,0.09,1.73,,,
325559,91,5541_MSA.fa.ufboot.ale.uml_rec,0.56,0.03,0.02,0.55,1.3,,,
323290,91,3409_MSA.fa.ufboot.ale.uml_rec,0.53,0.11,0.05,0.28,1.35,,,
323097,91,3198_MSA.fa.ufboot.ale.uml_rec,0.51,0.06,0.01,0.22,1.5,,,
328134,91,875_MSA.fa.ufboot.ale.uml_rec,0.48,0.18,0.02,0.36,1.45,,,
322842,91,2945_MSA.fa.ufboot.ale.uml_rec,0.4,0.17,0.08,0.07,1.7,,,
322465,91,2571_MSA.fa.ufboot.ale.uml_rec,0.39,0.03,0.08,0.33,0.76,,,
326355,91,610_MSA.fa.ufboot.ale.uml_rec,0.36,0.36,0.14,0.07,1.72,,,
324388,91,4409_MSA.fa.ufboot.ale.uml_rec,0.32,0.05,0.02,0.29,0.82,,,
323998,91,4087_MSA.fa.ufboot.ale.uml_rec,0.31,0.02,0.05,0.3,0.74,,,
325290,91,5294_MSA.fa.ufboot.ale.uml_rec,0.31,0.11,0,0.49,1.13,,,
322899,91,2_MSA.fa.ufboot.ale.uml_rec,0.29,0,0.01,0.6,1.07,,,
326223,91,592_MSA.fa.ufboot.ale.uml_rec,0.25,0.12,0.69,0.02,2.02,,,
325708,91,561_MSA.fa.ufboot.ale.uml_rec,0.25,0.02,0.03,0.31,0.63,,,
322556,91,2660_MSA.fa.ufboot.ale.uml_rec,0.24,0.02,0,0.24,0.6,,,
323134,91,326_MSA.fa.ufboot.ale.uml_rec,0.23,0,0,0.7,1.24,,,
322297,91,2412_MSA.fa.ufboot.ale.uml_rec,0.22,0.18,0,0.1,0.78,,,
321186,91,1281_MSA.fa.ufboot.ale.uml_rec,0.21,0.04,0.02,0.2,0.52,,,
326431,91,609_MSA.fa.ufboot.ale.uml_rec,0.18,0.19,0.01,0.04,0.81,,,
321798,91,1926_MSA.fa.ufboot.ale.uml_rec,0.17,0.33,0.02,0.06,0.92,,,
321138,91,1223_MSA.fa.ufboot.ale.uml_rec,0.16,0.06,0.05,0.09,0.65,,,
323075,91,3193_MSA.fa.ufboot.ale.uml_rec,0.16,0.27,0,0.05,0.82,,,
323260,91,3329_MSA.fa.ufboot.ale.uml_rec,0.16,0.15,0,0.32,0.79,,,
321534,91,1653_MSA.fa.ufboot.ale.uml_rec,0.15,0.18,0,0.46,0.86,,,
328116,91,704_MSA.fa.ufboot.ale.uml_rec,0.14,0.29,0.01,0.03,0.98,,,
321739,91,1866_MSA.fa.ufboot.ale.uml_rec,0.14,0.15,0,0.02,1.09,,,
325229,91,5217_MSA.fa.ufboot.ale.uml_rec,0.13,0.1,0.14,0.18,1.05,,,
322016,91,2134_MSA.fa.ufboot.ale.uml_rec,0.13,0,0,0.73,1.13,,,
322797,91,28_MSA.fa.ufboot.ale.uml_rec,0.13,0,0,0.81,1.14,,,
321082,91,1165_MSA.fa.ufboot.ale.uml_rec,0.12,0.13,0.05,0.04,1.19,,,
324333,91,4394_MSA.fa.ufboot.ale.uml_rec,0.12,0.11,0.04,0.17,0.77,,,
321187,91,1282_MSA.fa.ufboot.ale.uml_rec,0.12,0.02,0.03,0.28,0.51,,,
327434,91,649_MSA.fa.ufboot.ale.uml_rec,0.12,0.59,0.01,0.09,0.86,,,
326522,91,6437_MSA.fa.ufboot.ale.uml_rec,0.12,0,0,0.83,1.12,,,
321102,91,1186_MSA.fa.ufboot.ale.uml_rec,0.11,0.08,0.01,0.36,0.62,,,
321663,91,1787_MSA.fa.ufboot.ale.uml_rec,0.11,0.1,0.01,0.21,0.74,,,
321045,91,1123_MSA.fa.ufboot.ale.uml_rec,0.1,0.06,0.02,0.3,0.83,,,
321182,91,1275_MSA.fa.ufboot.ale.uml_rec,0.1,0.03,0,0.42,0.72,,,
321702,91,1824_MSA.fa.ufboot.ale.uml_rec,0.1,0.02,0,0.53,0.77,,,
322728,91,2826_MSA.fa.ufboot.ale.uml_rec,0.1,0.05,0,0.37,0.58,,,
323219,91,3324_MSA.fa.ufboot.ale.uml_rec,0.1,0,0,0.76,1.12,,,
323657,91,376_MSA.fa.ufboot.ale.uml_rec,0.1,0,0,0.79,1.1,,,
324384,91,4457_MSA.fa.ufboot.ale.uml_rec,0.1,0,0,0.8,1.1,,,
324842,91,4856_MSA.fa.ufboot.ale.uml_rec,0.09,0.04,0.07,0.04,0.87,,,
321672,91,1797_MSA.fa.ufboot.ale.uml_rec,0.09,0,0.01,0.62,0.82,,,
325798,91,571_MSA.fa.ufboot.ale.uml_rec,0.09,0,0.01,0.38,0.55,,,
325848,91,5815_MSA.fa.ufboot.ale.uml_rec,0.09,0.01,0.01,0.5,0.7,,,
322515,91,2620_MSA.fa.ufboot.ale.uml_rec,0.09,0.33,0,0.15,0.62,,,
322828,91,2931_MSA.fa.ufboot.ale.uml_rec,0.09,0.03,0,0.41,0.61,,,
322920,91,301_MSA.fa.ufboot.ale.uml_rec,0.08,0.05,0.16,0.1,0.64,,,
320955,91,1023_MSA.fa.ufboot.ale.uml_rec,0.08,0.02,0.01,0.75,0.96,,,
324739,91,47_MSA.fa.ufboot.ale.uml_rec,0.08,0.01,0,0.69,1.01,,,
325801,91,574_MSA.fa.ufboot.ale.uml_rec,0.08,0.03,0,0.41,0.63,,,
320945,91,1011_MSA.fa.ufboot.ale.uml_rec,0.07,0.28,0.01,0.12,0.63,,,
321029,91,1104_MSA.fa.ufboot.ale.uml_rec,0.07,0.02,0.01,0.37,0.65,,,
322961,91,3059_MSA.fa.ufboot.ale.uml_rec,0.07,0.01,0,0.37,0.54,,,
324488,91,4565_MSA.fa.ufboot.ale.uml_rec,0.07,0,0,0.74,1.08,,,
322529,91,2634_MSA.fa.ufboot.ale.uml_rec,0.06,0.25,0.08,0,1.6,,,
323385,91,3478_MSA.fa.ufboot.ale.uml_rec,0.06,0.2,0.07,0.01,0.83,,,
323026,91,3125_MSA.fa.ufboot.ale.uml_rec,0.06,0.14,0.06,0.11,0.59,,,
323006,91,3091_MSA.fa.ufboot.ale.uml_rec,0.06,0.12,0.04,0.07,0.73,,,
324093,91,4119_MSA.fa.ufboot.ale.uml_rec,0.06,0.04,0.04,0.24,0.74,,,
321829,91,1957_MSA.fa.ufboot.ale.uml_rec,0.06,0.34,0.03,0.19,1,,,
321687,91,180_MSA.fa.ufboot.ale.uml_rec,0.06,0.28,0.02,0.04,0.58,,,
323922,91,3927_MSA.fa.ufboot.ale.uml_rec,0.06,0,0,0.78,1.03,,,
326001,91,5961_MSA.fa.ufboot.ale.uml_rec,0.06,0,0,0.37,0.51,,,
328227,91,929_MSA.fa.ufboot.ale.uml_rec,0.05,0.1,0.13,0.06,1.2,,,
324839,91,4855_MSA.fa.ufboot.ale.uml_rec,0.05,0.06,0.08,0.12,0.74,,,
321923,91,2048_MSA.fa.ufboot.ale.uml_rec,0.05,0.04,0.04,0.05,0.63,,,
321154,91,123_MSA.fa.ufboot.ale.uml_rec,0.05,0,0.02,0,1.06,,,
323004,91,3103_MSA.fa.ufboot.ale.uml_rec,0.05,0.11,0.02,0.15,0.86,,,
323198,91,3308_MSA.fa.ufboot.ale.uml_rec,0.05,0.11,0.02,0.13,0.95,,,
321621,91,1746_MSA.fa.ufboot.ale.uml_rec,0.05,0.1,0.01,0.04,0.77,,,
321768,91,1895_MSA.fa.ufboot.ale.uml_rec,0.05,0.06,0.01,0.32,0.54,,,
322908,91,3008_MSA.fa.ufboot.ale.uml_rec,0.05,0.06,0.01,0.05,0.61,,,
326499,91,6415_MSA.fa.ufboot.ale.uml_rec,0.05,0.03,0,0.4,0.63,,,
327210,91,7074_MSA.fa.ufboot.ale.uml_rec,0.05,0,0,0.8,1.05,,,
322613,91,2717_MSA.fa.ufboot.ale.uml_rec,0.04,0.42,0.06,0.02,1.18,,,
320984,91,1052_MSA.fa.ufboot.ale.uml_rec,0.04,0,0.02,0.37,0.5,,,
321007,91,1079_MSA.fa.ufboot.ale.uml_rec,0.04,0.05,0.02,0.37,0.6,,,
322257,91,2376_MSA.fa.ufboot.ale.uml_rec,0.04,0.28,0.02,0.01,1.37,,,
323956,91,4023_MSA.fa.ufboot.ale.uml_rec,0.04,0.15,0.02,0.03,0.64,,,
321190,91,1285_MSA.fa.ufboot.ale.uml_rec,0.04,0.21,0.01,0.04,0.54,,,
323944,91,3982_MSA.fa.ufboot.ale.uml_rec,0.04,0.05,0.01,0.46,0.73,,,
324993,91,4993_MSA.fa.ufboot.ale.uml_rec,0.04,0,0.01,0.61,0.88,,,
323243,91,3356_MSA.fa.ufboot.ale.uml_rec,0.04,0.36,0,0.06,0.85,,,
326480,91,6385_MSA.fa.ufboot.ale.uml_rec,0.04,0,0,0.76,1.04,,,
326490,91,6414_MSA.fa.ufboot.ale.uml_rec,0.04,0.01,0,0.48,0.67,,,
327138,91,7007_MSA.fa.ufboot.ale.uml_rec,0.04,0.02,0,0.33,0.5,,,
324622,91,4646_MSA.fa.ufboot.ale.uml_rec,0.03,0.02,0.27,0.02,0.84,,,
322898,91,299_MSA.fa.ufboot.ale.uml_rec,0.03,0.25,0.25,0.03,0.57,,,
322208,91,2330_MSA.fa.ufboot.ale.uml_rec,0.03,0.26,0.08,0.01,0.53,,,
321025,91,10_MSA.fa.ufboot.ale.uml_rec,0.03,0.02,0.07,0.08,0.9,,,
321206,91,1301_MSA.fa.ufboot.ale.uml_rec,0.03,0,0.05,0.03,0.67,,,
323611,91,3632_MSA.fa.ufboot.ale.uml_rec,0.03,0,0.04,0,1.04,,,
323208,91,3294_MSA.fa.ufboot.ale.uml_rec,0.03,0.03,0.02,0.07,0.66,,,
323837,91,3794_MSA.fa.ufboot.ale.uml_rec,0.03,0.16,0.02,0.05,0.63,,,
321453,91,1573_MSA.fa.ufboot.ale.uml_rec,0.03,0.04,0.01,0.05,0.81,,,
322332,91,2444_MSA.fa.ufboot.ale.uml_rec,0.03,0.01,0.01,0.4,0.56,,,
322414,91,2522_MSA.fa.ufboot.ale.uml_rec,0.03,0.41,0.01,0.01,0.75,,,
323221,91,331_MSA.fa.ufboot.ale.uml_rec,0.03,0,0.01,0,1.06,,,
328106,91,883_MSA.fa.ufboot.ale.uml_rec,0.03,0.02,0.01,0.47,0.69,,,
321094,91,1179_MSA.fa.ufboot.ale.uml_rec,0.03,0.01,0,0.56,0.78,,,
321199,91,1296_MSA.fa.ufboot.ale.uml_rec,0.03,0.15,0,0.11,0.5,,,
321677,91,1800_MSA.fa.ufboot.ale.uml_rec,0.03,0,0,0.49,0.65,,,
321847,91,1976_MSA.fa.ufboot.ale.uml_rec,0.03,0.05,0,0.14,0.97,,,
323158,91,3239_MSA.fa.ufboot.ale.uml_rec,0.03,0.34,0,0.21,0.9,,,
323588,91,3624_MSA.fa.ufboot.ale.uml_rec,0.03,0.15,0,0.4,0.97,,,
323849,91,3926_MSA.fa.ufboot.ale.uml_rec,0.03,0,0,0.74,0.96,,,
324172,91,4246_MSA.fa.ufboot.ale.uml_rec,0.03,0.05,0,0.47,0.81,,,
324498,91,4564_MSA.fa.ufboot.ale.uml_rec,0.03,0,0,0.47,0.7,,,
326037,91,5967_MSA.fa.ufboot.ale.uml_rec,0.03,0.03,0,0.58,0.75,,,
325849,91,5777_MSA.fa.ufboot.ale.uml_rec,0.02,0,0.16,0,1.14,,,
322684,91,2784_MSA.fa.ufboot.ale.uml_rec,0.02,0.04,0.09,0.02,0.62,,,
321341,91,1436_MSA.fa.ufboot.ale.uml_rec,0.02,1.09,0.04,0.01,1.45,,,
321542,91,1662_MSA.fa.ufboot.ale.uml_rec,0.02,0.06,0.03,0.12,0.91,,,
322145,91,2257_MSA.fa.ufboot.ale.uml_rec,0.02,0.18,0.02,0.03,0.58,,,
322426,91,2533_MSA.fa.ufboot.ale.uml_rec,0.02,0.21,0.02,0.15,0.58,,,
323240,91,3327_MSA.fa.ufboot.ale.uml_rec,0.02,0.05,0.02,0.03,1.01,,,
323856,91,3801_MSA.fa.ufboot.ale.uml_rec,0.02,0.03,0.02,0.58,0.69,,,
321720,91,1843_MSA.fa.ufboot.ale.uml_rec,0.02,0.31,0.01,0.14,0.5,,,
322039,91,2157_MSA.fa.ufboot.ale.uml_rec,0.02,0,0.01,0,1.02,,,
322516,91,2621_MSA.fa.ufboot.ale.uml_rec,0.02,0.19,0.01,0.04,0.85,,,
322568,91,2672_MSA.fa.ufboot.ale.uml_rec,0.02,0.02,0.01,0.03,0.92,,,
322840,91,2943_MSA.fa.ufboot.ale.uml_rec,0.02,0.14,0.01,0.01,0.6,,,
323665,91,3745_MSA.fa.ufboot.ale.uml_rec,0.02,0,0.01,0.12,0.86,,,
323826,91,3866_MSA.fa.ufboot.ale.uml_rec,0.02,0.01,0.01,0.48,0.57,,,
326111,91,581_MSA.fa.ufboot.ale.uml_rec,0.02,0.01,0.01,0.79,0.92,,,
326500,91,6413_MSA.fa.ufboot.ale.uml_rec,0.02,0,0.01,0.48,0.63,,,
320966,91,1033_MSA.fa.ufboot.ale.uml_rec,0.02,0.61,0,0,0.68,,,
321589,91,1714_MSA.fa.ufboot.ale.uml_rec,0.02,0.02,0,0.1,0.94,,,
321740,91,1867_MSA.fa.ufboot.ale.uml_rec,0.02,0.06,0,0.09,0.81,,,
321789,91,1916_MSA.fa.ufboot.ale.uml_rec,0.02,0,0,0,1.02,,,
321876,91,2004_MSA.fa.ufboot.ale.uml_rec,0.02,0.05,0,0.02,0.78,,,
322135,91,2248_MSA.fa.ufboot.ale.uml_rec,0.02,0.07,0,0,0.76,,,
322308,91,2422_MSA.fa.ufboot.ale.uml_rec,0.02,0.21,0,0.15,0.56,,,
323003,91,3104_MSA.fa.ufboot.ale.uml_rec,0.02,0.06,0,0.74,0.98,,,
323490,91,3578_MSA.fa.ufboot.ale.uml_rec,0.02,0,0,0.86,1.02,,,
323608,91,3666_MSA.fa.ufboot.ale.uml_rec,0.02,0.02,0,0.6,0.74,,,
324973,91,4982_MSA.fa.ufboot.ale.uml_rec,0.02,0,0,0.68,0.86,,,
326503,91,6428_MSA.fa.ufboot.ale.uml_rec,0.02,0.01,0,0.56,0.75,,,
327196,91,7066_MSA.fa.ufboot.ale.uml_rec,0.02,0,0,0.78,1.02,,,
327291,91,662_MSA.fa.ufboot.ale.uml_rec,0.02,0.02,0,0.04,0.96,,,
324302,91,4374_MSA.fa.ufboot.ale.uml_rec,0.01,0.01,0.23,0,1.01,,,
321566,91,1689_MSA.fa.ufboot.ale.uml_rec,0.01,0.06,0.08,0.11,0.54,,,
321253,91,1349_MSA.fa.ufboot.ale.uml_rec,0.01,0.15,0.06,0,0.65,,,
322224,91,2345_MSA.fa.ufboot.ale.uml_rec,0.01,0.15,0.04,0.27,0.9,,,
322717,91,2816_MSA.fa.ufboot.ale.uml_rec,0.01,0.08,0.04,0.04,0.56,,,
322983,91,3073_MSA.fa.ufboot.ale.uml_rec,0.01,0.05,0.04,0.01,0.62,,,
321148,91,1234_MSA.fa.ufboot.ale.uml_rec,0.01,0.05,0.02,0,0.96,,,
323481,91,3566_MSA.fa.ufboot.ale.uml_rec,0.01,0.05,0.02,0.36,0.93,,,
321119,91,1201_MSA.fa.ufboot.ale.uml_rec,0.01,0,0.01,0.03,1,,,
321258,91,1353_MSA.fa.ufboot.ale.uml_rec,0.01,0.11,0.01,0,0.97,,,
321280,91,1373_MSA.fa.ufboot.ale.uml_rec,0.01,0.27,0.01,0.2,0.59,,,
321755,91,1880_MSA.fa.ufboot.ale.uml_rec,0.01,0.06,0.01,0.06,0.99,,,
321839,91,1969_MSA.fa.ufboot.ale.uml_rec,0.01,0.52,0.01,0,0.75,,,
322076,91,2191_MSA.fa.ufboot.ale.uml_rec,0.01,0.34,0.01,0.01,0.77,,,
322697,91,2798_MSA.fa.ufboot.ale.uml_rec,0.01,0.36,0.01,0,0.68,,,
322709,91,2809_MSA.fa.ufboot.ale.uml_rec,0.01,0.54,0.01,0.08,0.76,,,
322791,91,2894_MSA.fa.ufboot.ale.uml_rec,0.01,0.09,0.01,0.13,0.97,,,
323180,91,3243_MSA.fa.ufboot.ale.uml_rec,0.01,0.11,0.01,0.12,0.57,,,
323190,91,3237_MSA.fa.ufboot.ale.uml_rec,0.01,0.07,0.01,0.04,0.91,,,
323268,91,3357_MSA.fa.ufboot.ale.uml_rec,0.01,0,0.01,0,1.01,,,
325675,91,5642_MSA.fa.ufboot.ale.uml_rec,0.01,0.01,0.01,0.55,0.6,,,
321147,91,1233_MSA.fa.ufboot.ale.uml_rec,0.01,0,0,0,1,,,
321200,91,1297_MSA.fa.ufboot.ale.uml_rec,0.01,0.94,0,0.01,1.24,,,
321472,91,1592_MSA.fa.ufboot.ale.uml_rec,0.01,0.57,0,0.07,0.7,,,
321775,91,1901_MSA.fa.ufboot.ale.uml_rec,0.01,0.27,0,0,0.76,,,
321781,91,1907_MSA.fa.ufboot.ale.uml_rec,0.01,0.1,0,0.02,0.86,,,
321816,91,1943_MSA.fa.ufboot.ale.uml_rec,0.01,0.13,0,0.02,0.88,,,
321831,91,1959_MSA.fa.ufboot.ale.uml_rec,0.01,0.01,0,0.02,1.08,,,
321859,91,1988_MSA.fa.ufboot.ale.uml_rec,0.01,0.11,0,0.01,0.96,,,
321864,91,1993_MSA.fa.ufboot.ale.uml_rec,0.01,0.04,0,0.29,0.89,,,
321868,91,1997_MSA.fa.ufboot.ale.uml_rec,0.01,0,0,0,1.01,,,
321872,91,2000_MSA.fa.ufboot.ale.uml_rec,0.01,0.16,0,0.01,0.91,,,
321899,91,2025_MSA.fa.ufboot.ale.uml_rec,0.01,0,0,0.07,0.95,,,
321919,91,2044_MSA.fa.ufboot.ale.uml_rec,0.01,0.03,0,0.01,1.01,,,
321932,91,2056_MSA.fa.ufboot.ale.uml_rec,0.01,0.27,0,0.06,0.68,,,
321957,91,2079_MSA.fa.ufboot.ale.uml_rec,0.01,0.52,0,0.01,0.9,,,
321993,91,2111_MSA.fa.ufboot.ale.uml_rec,0.01,0.07,0,0.09,0.66,,,
321994,91,2112_MSA.fa.ufboot.ale.uml_rec,0.01,0.75,0,0.02,0.83,,,
322007,91,2125_MSA.fa.ufboot.ale.uml_rec,0.01,0.24,0,0.12,0.84,,,
322100,91,2214_MSA.fa.ufboot.ale.uml_rec,0.01,0.43,0,0.04,0.8,,,
322173,91,2282_MSA.fa.ufboot.ale.uml_rec,0.01,0.5,0,0.24,0.93,,,
322233,91,2353_MSA.fa.ufboot.ale.uml_rec,0.01,0.03,0,0.15,0.96,,,
322252,91,2371_MSA.fa.ufboot.ale.uml_rec,0.01,0.44,0,0.08,0.54,,,
322306,91,2420_MSA.fa.ufboot.ale.uml_rec,0.01,0.34,0,0.06,0.65,,,
322436,91,2542_MSA.fa.ufboot.ale.uml_rec,0.01,0.01,0,0.3,0.98,,,
322448,91,2553_MSA.fa.ufboot.ale.uml_rec,0.01,0.12,0,0,0.85,,,
322538,91,2642_MSA.fa.ufboot.ale.uml_rec,0.01,0.01,0,0.01,0.98,,,
322609,91,2712_MSA.fa.ufboot.ale.uml_rec,0.01,0.07,0,0.51,0.76,,,
322799,91,2901_MSA.fa.ufboot.ale.uml_rec,0.01,0,0,0,1,,,
322800,91,2902_MSA.fa.ufboot.ale.uml_rec,0.01,0.15,0,0.04,0.97,,,
322873,91,2975_MSA.fa.ufboot.ale.uml_rec,0.01,0.49,0,0.11,0.67,,,
323177,91,3254_MSA.fa.ufboot.ale.uml_rec,0.01,0.02,0,0.47,0.89,,,
323193,91,3301_MSA.fa.ufboot.ale.uml_rec,0.01,0,0,0.41,0.53,,,
323195,91,3292_MSA.fa.ufboot.ale.uml_rec,0.01,0,0,0,1.01,,,
323272,91,3336_MSA.fa.ufboot.ale.uml_rec,0.01,0.06,0,0.27,0.63,,,
323497,91,3595_MSA.fa.ufboot.ale.uml_rec,0.01,0,0,0,1.01,,,
323532,91,3610_MSA.fa.ufboot.ale.uml_rec,0.01,0.13,0,0.42,0.7,,,
323875,91,3952_MSA.fa.ufboot.ale.uml_rec,0.01,0.02,0,0.04,0.99,,,
324149,91,4134_MSA.fa.ufboot.ale.uml_rec,0.01,0.02,0,0.72,0.95,,,
324371,91,4402_MSA.fa.ufboot.ale.uml_rec,0.01,0,0,0.82,1.01,,,
324917,91,4906_MSA.fa.ufboot.ale.uml_rec,0.01,0,0,0.79,1.01,,,
325124,91,5115_MSA.fa.ufboot.ale.uml_rec,0.01,0.01,0,0.38,0.51,,,
326467,91,6386_MSA.fa.ufboot.ale.uml_rec,0.01,0,0,0.85,1.01,,,
321215,91,1310_MSA.fa.ufboot.ale.uml_rec,0,0.11,0.31,0.01,0.71,,,
325270,91,5267_MSA.fa.ufboot.ale.uml_rec,0,0.01,0.19,0,0.78,,,
322832,91,2935_MSA.fa.ufboot.ale.uml_rec,0,0,0.14,0,1.1,,,
325977,91,578_MSA.fa.ufboot.ale.uml_rec,0,0.12,0.1,0,0.57,,,
323650,91,3748_MSA.fa.ufboot.ale.uml_rec,0,0.25,0.09,0.09,0.7,,,
323949,91,4020_MSA.fa.ufboot.ale.uml_rec,0,0.03,0.07,0.01,0.99,,,
324145,91,4223_MSA.fa.ufboot.ale.uml_rec,0,0.21,0.07,0.07,0.6,,,
323117,91,3190_MSA.fa.ufboot.ale.uml_rec,0,0.75,0.06,0,0.75,,,
321371,91,1473_MSA.fa.ufboot.ale.uml_rec,0,0.73,0.05,0,0.91,,,
322399,91,2508_MSA.fa.ufboot.ale.uml_rec,0,0.62,0.05,0.01,0.7,,,
323167,91,3245_MSA.fa.ufboot.ale.uml_rec,0,0.08,0.05,0.16,0.64,,,
323269,91,338_MSA.fa.ufboot.ale.uml_rec,0,0.05,0.05,0.03,0.61,,,
325586,91,5578_MSA.fa.ufboot.ale.uml_rec,0,0.03,0.05,0.01,0.61,,,
321554,91,1676_MSA.fa.ufboot.ale.uml_rec,0,0.21,0.04,0.23,0.65,,,
322393,91,2501_MSA.fa.ufboot.ale.uml_rec,0,0.26,0.04,0.01,0.69,,,
323938,91,4019_MSA.fa.ufboot.ale.uml_rec,0,0.53,0.04,0.15,0.86,,,
325595,91,5579_MSA.fa.ufboot.ale.uml_rec,0,0.01,0.04,0.04,0.55,,,
326498,91,640_MSA.fa.ufboot.ale.uml_rec,0,0,0.04,0,1.01,,,
328131,91,89_MSA.fa.ufboot.ale.uml_rec,0,0.12,0.04,0.22,0.6,,,
321216,91,1311_MSA.fa.ufboot.ale.uml_rec,0,0.01,0.03,0,0.93,,,
321242,91,1336_MSA.fa.ufboot.ale.uml_rec,0,0,0.03,0.05,0.61,,,
321607,91,1731_MSA.fa.ufboot.ale.uml_rec,0,0.2,0.03,0.11,0.59,,,
321742,91,1869_MSA.fa.ufboot.ale.uml_rec,0,0.21,0.03,0,0.72,,,
322050,91,2167_MSA.fa.ufboot.ale.uml_rec,0,0.06,0.03,0.12,0.97,,,
322101,91,2215_MSA.fa.ufboot.ale.uml_rec,0,0.7,0.03,0,0.98,,,
322528,91,2632_MSA.fa.ufboot.ale.uml_rec,0,0.04,0.03,0,0.96,,,
322716,91,2815_MSA.fa.ufboot.ale.uml_rec,0,0,0.03,0.01,0.56,,,
322818,91,291_MSA.fa.ufboot.ale.uml_rec,0,0.11,0.03,0.07,0.74,,,
322902,91,3002_MSA.fa.ufboot.ale.uml_rec,0,0.29,0.03,0.17,0.61,,,
323152,91,3267_MSA.fa.ufboot.ale.uml_rec,0,0.02,0.03,0.03,0.89,,,
323155,91,3269_MSA.fa.ufboot.ale.uml_rec,0,0.21,0.03,0.14,0.57,,,
323357,91,3469_MSA.fa.ufboot.ale.uml_rec,0,0.01,0.03,0.03,0.64,,,
323625,91,3700_MSA.fa.ufboot.ale.uml_rec,0,0.13,0.03,0.13,0.55,,,
323674,91,3756_MSA.fa.ufboot.ale.uml_rec,0,0.18,0.03,0.09,0.56,,,
324262,91,4344_MSA.fa.ufboot.ale.uml_rec,0,0.18,0.03,0.21,0.62,,,
324281,91,4357_MSA.fa.ufboot.ale.uml_rec,0,0.01,0.03,0.03,0.61,,,
324433,91,4491_MSA.fa.ufboot.ale.uml_rec,0,0.19,0.03,0.18,0.54,,,
324602,91,4660_MSA.fa.ufboot.ale.uml_rec,0,0.01,0.03,0.05,0.66,,,
325047,91,5072_MSA.fa.ufboot.ale.uml_rec,0,0.02,0.03,0.02,0.62,,,
325558,91,513_MSA.fa.ufboot.ale.uml_rec,0,0.12,0.03,0.04,0.96,,,
326343,91,6276_MSA.fa.ufboot.ale.uml_rec,0,0,0.03,0,0.91,,,
327151,91,634_MSA.fa.ufboot.ale.uml_rec,0,0.3,0.03,0.01,0.89,,,
321127,91,1210_MSA.fa.ufboot.ale.uml_rec,0,0.57,0.02,0.44,1.21,,,
321326,91,1421_MSA.fa.ufboot.ale.uml_rec,0,0.41,0.02,0.01,0.75,,,
321651,91,1775_MSA.fa.ufboot.ale.uml_rec,0,0.12,0.02,0.04,0.86,,,
321873,91,2001_MSA.fa.ufboot.ale.uml_rec,0,0,0.02,0.01,0.9,,,
321901,91,2027_MSA.fa.ufboot.ale.uml_rec,0,0.04,0.02,0.02,0.55,,,
321939,91,2062_MSA.fa.ufboot.ale.uml_rec,0,0.11,0.02,0.02,0.75,,,
322018,91,2136_MSA.fa.ufboot.ale.uml_rec,0,0.06,0.02,0,0.85,,,
322239,91,2359_MSA.fa.ufboot.ale.uml_rec,0,0.12,0.02,0,0.89,,,
322378,91,2487_MSA.fa.ufboot.ale.uml_rec,0,0.22,0.02,0.01,0.81,,,
322579,91,2682_MSA.fa.ufboot.ale.uml_rec,0,0.14,0.02,0.01,0.81,,,
322699,91,27_MSA.fa.ufboot.ale.uml_rec,0,0.12,0.02,0.06,0.6,,,
322715,91,2814_MSA.fa.ufboot.ale.uml_rec,0,0.06,0.02,0.32,0.68,,,
322825,91,2926_MSA.fa.ufboot.ale.uml_rec,0,0.11,0.02,0.02,0.74,,,
322827,91,2929_MSA.fa.ufboot.ale.uml_rec,0,0.09,0.02,0.04,0.5,,,
323106,91,3168_MSA.fa.ufboot.ale.uml_rec,0,0.01,0.02,0.28,0.63,,,
323151,91,3270_MSA.fa.ufboot.ale.uml_rec,0,0.16,0.02,0.08,0.58,,,
323183,91,3184_MSA.fa.ufboot.ale.uml_rec,0,0.13,0.02,0.02,0.61,,,
323677,91,3751_MSA.fa.ufboot.ale.uml_rec,0,0.01,0.02,0.03,0.72,,,
324014,91,4096_MSA.fa.ufboot.ale.uml_rec,0,0,0.02,0.04,0.93,,,
324594,91,4647_MSA.fa.ufboot.ale.uml_rec,0,0.09,0.02,0.05,0.51,,,
325032,91,5031_MSA.fa.ufboot.ale.uml_rec,0,0.01,0.02,0.01,0.51,,,
326517,91,6430_MSA.fa.ufboot.ale.uml_rec,0,0.07,0.02,0.38,0.67,,,
328082,91,769_MSA.fa.ufboot.ale.uml_rec,0,0.13,0.02,0.05,0.55,,,
328110,91,797_MSA.fa.ufboot.ale.uml_rec,0,0.11,0.02,0.12,0.81,,,
328229,91,971_MSA.fa.ufboot.ale.uml_rec,0,0.02,0.02,0.05,0.76,,,
320968,91,1035_MSA.fa.ufboot.ale.uml_rec,0,0.01,0.01,0.02,0.88,,,
320972,91,1039_MSA.fa.ufboot.ale.uml_rec,0,0.12,0.01,0.1,0.69,,,
320981,91,1049_MSA.fa.ufboot.ale.uml_rec,0,0.05,0.01,0.52,0.73,,,
321014,91,1086_MSA.fa.ufboot.ale.uml_rec,0,0.3,0.01,0.08,0.6,,,
321026,91,1100_MSA.fa.ufboot.ale.uml_rec,0,0.03,0.01,0.28,0.65,,,
321044,91,1122_MSA.fa.ufboot.ale.uml_rec,0,0.27,0.01,0.01,0.55,,,
321178,91,1271_MSA.fa.ufboot.ale.uml_rec,0,0.1,0.01,0.03,0.79,,,
321219,91,1314_MSA.fa.ufboot.ale.uml_rec,0,0.06,0.01,0.05,0.73,,,
321234,91,1328_MSA.fa.ufboot.ale.uml_rec,0,0.02,0.01,0.02,0.95,,,
321240,91,1334_MSA.fa.ufboot.ale.uml_rec,0,0.03,0.01,0.01,0.96,,,
321268,91,1362_MSA.fa.ufboot.ale.uml_rec,0,0.05,0.01,0.63,0.79,,,
321332,91,1427_MSA.fa.ufboot.ale.uml_rec,0,0.21,0.01,0.06,0.77,,,
321422,91,1539_MSA.fa.ufboot.ale.uml_rec,0,0.57,0.01,0,0.88,,,
321423,91,1540_MSA.fa.ufboot.ale.uml_rec,0,0.05,0.01,0.45,0.68,,,
321436,91,1557_MSA.fa.ufboot.ale.uml_rec,0,0.04,0.01,0.09,0.58,,,
321468,91,1589_MSA.fa.ufboot.ale.uml_rec,0,0.93,0.01,0.03,1.18,,,
321497,91,1616_MSA.fa.ufboot.ale.uml_rec,0,0.02,0.01,0.04,0.88,,,
321546,91,1667_MSA.fa.ufboot.ale.uml_rec,0,0.03,0.01,0,0.88,,,
321578,91,1700_MSA.fa.ufboot.ale.uml_rec,0,0.13,0.01,0.37,0.87,,,
321633,91,1757_MSA.fa.ufboot.ale.uml_rec,0,0.27,0.01,0.04,0.94,,,
321699,91,1821_MSA.fa.ufboot.ale.uml_rec,0,0.08,0.01,0.01,0.83,,,
321724,91,1850_MSA.fa.ufboot.ale.uml_rec,0,0.53,0.01,0.07,0.64,,,
321738,91,1865_MSA.fa.ufboot.ale.uml_rec,0,0.15,0.01,0.03,0.76,,,
321763,91,1889_MSA.fa.ufboot.ale.uml_rec,0,0.35,0.01,0.01,0.96,,,
321792,91,1919_MSA.fa.ufboot.ale.uml_rec,0,0.36,0.01,0.04,0.76,,,
321797,91,1925_MSA.fa.ufboot.ale.uml_rec,0,0.37,0.01,0.01,0.63,,,
321843,91,1972_MSA.fa.ufboot.ale.uml_rec,0,0.25,0.01,0.01,0.91,,,
321877,91,2005_MSA.fa.ufboot.ale.uml_rec,0,0.3,0.01,0.04,0.8,,,
321883,91,2010_MSA.fa.ufboot.ale.uml_rec,0,0.24,0.01,0,0.99,,,
321888,91,2015_MSA.fa.ufboot.ale.uml_rec,0,0.6,0.01,0,0.99,,,
321897,91,2023_MSA.fa.ufboot.ale.uml_rec,0,0.43,0.01,0,0.99,,,
321915,91,2040_MSA.fa.ufboot.ale.uml_rec,0,0.04,0.01,0.08,0.64,,,
321948,91,2070_MSA.fa.ufboot.ale.uml_rec,0,0.29,0.01,0.16,0.64,,,
321967,91,2088_MSA.fa.ufboot.ale.uml_rec,0,0.11,0.01,0,1,,,
322000,91,2118_MSA.fa.ufboot.ale.uml_rec,0,0.07,0.01,0.01,0.72,,,
322022,91,2140_MSA.fa.ufboot.ale.uml_rec,0,0.68,0.01,0,0.68,,,
322035,91,2153_MSA.fa.ufboot.ale.uml_rec,0,0.28,0.01,0.01,0.97,,,
322038,91,2156_MSA.fa.ufboot.ale.uml_rec,0,0.07,0.01,0,0.98,,,
322055,91,2172_MSA.fa.ufboot.ale.uml_rec,0,0.25,0.01,0.38,0.84,,,
322061,91,2178_MSA.fa.ufboot.ale.uml_rec,0,0.03,0.01,0.01,0.88,,,
322069,91,2185_MSA.fa.ufboot.ale.uml_rec,0,0.05,0.01,0.03,0.98,,,
322113,91,2227_MSA.fa.ufboot.ale.uml_rec,0,0.46,0.01,0.01,0.54,,,
322120,91,2234_MSA.fa.ufboot.ale.uml_rec,0,0.2,0.01,0.15,0.71,,,
322150,91,2261_MSA.fa.ufboot.ale.uml_rec,0,0.18,0.01,0.01,0.94,,,
322171,91,2280_MSA.fa.ufboot.ale.uml_rec,0,0.07,0.01,0,0.89,,,
322177,91,2286_MSA.fa.ufboot.ale.uml_rec,0,0.09,0.01,0,0.97,,,
322183,91,2291_MSA.fa.ufboot.ale.uml_rec,0,0.03,0.01,0.01,0.99,,,
322199,91,2306_MSA.fa.ufboot.ale.uml_rec,0,0.34,0.01,0.01,0.77,,,
322220,91,2341_MSA.fa.ufboot.ale.uml_rec,0,0.01,0.01,0.04,0.74,,,
322244,91,2363_MSA.fa.ufboot.ale.uml_rec,0,0.13,0.01,0.07,0.63,,,
322269,91,2387_MSA.fa.ufboot.ale.uml_rec,0,0.78,0.01,0,1.35,,,
322273,91,2390_MSA.fa.ufboot.ale.uml_rec,0,0.19,0.01,0.03,0.83,,,
322274,91,2391_MSA.fa.ufboot.ale.uml_rec,0,0.41,0.01,0.03,0.98,,,
322305,91,241_MSA.fa.ufboot.ale.uml_rec,0,0.04,0.01,0.08,0.83,,,
322326,91,2439_MSA.fa.ufboot.ale.uml_rec,0,0.49,0.01,0.49,1.08,,,
322350,91,2461_MSA.fa.ufboot.ale.uml_rec,0,0.26,0.01,0.02,0.97,,,
322372,91,2481_MSA.fa.ufboot.ale.uml_rec,0,0.11,0.01,0.02,0.94,,,
322416,91,2524_MSA.fa.ufboot.ale.uml_rec,0,0.17,0.01,0.29,0.62,,,
322423,91,2530_MSA.fa.ufboot.ale.uml_rec,0,0.05,0.01,0.16,0.96,,,
322435,91,2541_MSA.fa.ufboot.ale.uml_rec,0,0.23,0.01,0.13,0.83,,,
322437,91,2543_MSA.fa.ufboot.ale.uml_rec,0,0.19,0.01,0.5,0.83,,,
322442,91,2548_MSA.fa.ufboot.ale.uml_rec,0,0.18,0.01,0.22,0.86,,,
322449,91,2554_MSA.fa.ufboot.ale.uml_rec,0,0.09,0.01,0.01,0.61,,,
322500,91,2607_MSA.fa.ufboot.ale.uml_rec,0,0.55,0.01,0,0.54,,,
322509,91,2615_MSA.fa.ufboot.ale.uml_rec,0,0.03,0.01,0,1,,,
322548,91,2653_MSA.fa.ufboot.ale.uml_rec,0,0.2,0.01,0.02,0.85,,,
322565,91,266_MSA.fa.ufboot.ale.uml_rec,0,0,0.01,0,1.01,,,
322570,91,2674_MSA.fa.ufboot.ale.uml_rec,0,0.21,0.01,0,0.84,,,
322582,91,2685_MSA.fa.ufboot.ale.uml_rec,0,0.16,0.01,0.15,0.61,,,
322641,91,2743_MSA.fa.ufboot.ale.uml_rec,0,0.28,0.01,0.02,0.69,,,
322674,91,2775_MSA.fa.ufboot.ale.uml_rec,0,0.14,0.01,0.1,0.51,,,
322701,91,2801_MSA.fa.ufboot.ale.uml_rec,0,0.06,0.01,0.01,0.98,,,
322712,91,2811_MSA.fa.ufboot.ale.uml_rec,0,0.44,0.01,0.01,0.53,,,
322713,91,2812_MSA.fa.ufboot.ale.uml_rec,0,0.27,0.01,0.01,0.51,,,
322718,91,2817_MSA.fa.ufboot.ale.uml_rec,0,0.02,0.01,0.02,0.54,,,
322736,91,2836_MSA.fa.ufboot.ale.uml_rec,0,0.27,0.01,0.01,0.54,,,
322744,91,2843_MSA.fa.ufboot.ale.uml_rec,0,0.05,0.01,0,0.64,,,
322747,91,2846_MSA.fa.ufboot.ale.uml_rec,0,0.12,0.01,0.07,0.72,,,
322748,91,2847_MSA.fa.ufboot.ale.uml_rec,0,0.23,0.01,0.01,0.86,,,
322789,91,2892_MSA.fa.ufboot.ale.uml_rec,0,0.43,0.01,0.01,0.66,,,
322792,91,2895_MSA.fa.ufboot.ale.uml_rec,0,0.27,0.01,0.01,0.68,,,
322948,91,3046_MSA.fa.ufboot.ale.uml_rec,0,0.02,0.01,0.02,0.64,,,
322994,91,3090_MSA.fa.ufboot.ale.uml_rec,0,0.07,0.01,0.02,1,,,
323032,91,3134_MSA.fa.ufboot.ale.uml_rec,0,0,0.01,0,0.98,,,
323054,91,3170_MSA.fa.ufboot.ale.uml_rec,0,0.11,0.01,0.09,0.57,,,
323093,91,3201_MSA.fa.ufboot.ale.uml_rec,0,0.03,0.01,0.06,0.58,,,
323142,91,3279_MSA.fa.ufboot.ale.uml_rec,0,0,0.01,0.57,0.75,,,
323147,91,3250_MSA.fa.ufboot.ale.uml_rec,0,0.24,0.01,0,0.5,,,
323273,91,3360_MSA.fa.ufboot.ale.uml_rec,0,0.27,0.01,0.1,0.74,,,
323278,91,3339_MSA.fa.ufboot.ale.uml_rec,0,0.02,0.01,0.03,0.8,,,
323380,91,3487_MSA.fa.ufboot.ale.uml_rec,0,0.25,0.01,0.06,0.86,,,
323381,91,3456_MSA.fa.ufboot.ale.uml_rec,0,0.09,0.01,0.21,0.59,,,
323507,91,3544_MSA.fa.ufboot.ale.uml_rec,0,0,0.01,0,0.9,,,
323527,91,3608_MSA.fa.ufboot.ale.uml_rec,0,0.29,0.01,0.03,0.87,,,
323604,91,3694_MSA.fa.ufboot.ale.uml_rec,0,0.06,0.01,0.08,0.56,,,
323612,91,3703_MSA.fa.ufboot.ale.uml_rec,0,0.01,0.01,0.03,0.92,,,
323615,91,3697_MSA.fa.ufboot.ale.uml_rec,0,0.2,0.01,0.18,0.57,,,
323919,91,3965_MSA.fa.ufboot.ale.uml_rec,0,0.31,0.01,0.03,0.59,,,
323942,91,4026_MSA.fa.ufboot.ale.uml_rec,0,0.11,0.01,0.38,0.71,,,
323993,91,4067_MSA.fa.ufboot.ale.uml_rec,0,0.11,0.01,0.04,0.79,,,
324037,91,4074_MSA.fa.ufboot.ale.uml_rec,0,0.01,0.01,0.01,0.98,,,
324040,91,4109_MSA.fa.ufboot.ale.uml_rec,0,0.17,0.01,0.03,0.6,,,
324051,91,4064_MSA.fa.ufboot.ale.uml_rec,0,0.04,0.01,0,0.74,,,
324330,91,4384_MSA.fa.ufboot.ale.uml_rec,0,0.02,0.01,0.01,0.55,,,
324334,91,4391_MSA.fa.ufboot.ale.uml_rec,0,0.01,0.01,0.02,0.53,,,
324443,91,4493_MSA.fa.ufboot.ale.uml_rec,0,0.09,0.01,0.25,0.53,,,
324464,91,4500_MSA.fa.ufboot.ale.uml_rec,0,0.27,0.01,0.1,0.87,,,
324472,91,4525_MSA.fa.ufboot.ale.uml_rec,0,0.04,0.01,0,0.8,,,
324474,91,4509_MSA.fa.ufboot.ale.uml_rec,0,0.07,0.01,0.14,0.72,,,
324497,91,4561_MSA.fa.ufboot.ale.uml_rec,0,0.05,0.01,0.21,0.51,,,
324918,91,4874_MSA.fa.ufboot.ale.uml_rec,0,0.02,0.01,0.07,0.83,,,
324954,91,4957_MSA.fa.ufboot.ale.uml_rec,0,0.02,0.01,0,0.87,,,
325022,91,5014_MSA.fa.ufboot.ale.uml_rec,0,0.03,0.01,0.02,0.66,,,
325086,91,5110_MSA.fa.ufboot.ale.uml_rec,0,0.17,0.01,0.22,0.82,,,
325951,91,5910_MSA.fa.ufboot.ale.uml_rec,0,0.02,0.01,0.42,0.56,,,
326382,91,6301_MSA.fa.ufboot.ale.uml_rec,0,0,0.01,0,0.96,,,
326643,91,618_MSA.fa.ufboot.ale.uml_rec,0,0.16,0.01,0.17,0.83,,,
327090,91,667_MSA.fa.ufboot.ale.uml_rec,0,0.05,0.01,0.02,0.95,,,
327567,91,707_MSA.fa.ufboot.ale.uml_rec,0,0.13,0.01,0.04,0.56,,,
327753,91,735_MSA.fa.ufboot.ale.uml_rec,0,0.09,0.01,0.02,1.02,,,
328173,91,849_MSA.fa.ufboot.ale.uml_rec,0,0.01,0.01,0,0.99,,,
320947,91,1013_MSA.fa.ufboot.ale.uml_rec,0,0.5,0,0,0.5,,,
320957,91,1025_MSA.fa.ufboot.ale.uml_rec,0,0.02,0,0.16,0.69,,,
320967,91,1034_MSA.fa.ufboot.ale.uml_rec,0,0.65,0,0,0.84,,,
320994,91,1063_MSA.fa.ufboot.ale.uml_rec,0,0.01,0,0.01,0.99,,,
321010,91,1082_MSA.fa.ufboot.ale.uml_rec,0,0,0,0,1,,,
321011,91,1083_MSA.fa.ufboot.ale.uml_rec,0,0.93,0,0.2,1.56,,,
321020,91,1094_MSA.fa.ufboot.ale.uml_rec,0,0,0,0.78,1,,,
321031,91,1106_MSA.fa.ufboot.ale.uml_rec,0,0.09,0,0.05,0.91,,,
321034,91,1109_MSA.fa.ufboot.ale.uml_rec,0,0.25,0,0.14,0.59,,,
321042,91,1120_MSA.fa.ufboot.ale.uml_rec,0,0.23,0,0.31,1,,,
321046,91,1124_MSA.fa.ufboot.ale.uml_rec,0,0.21,0,0.09,0.63,,,
321047,91,1125_MSA.fa.ufboot.ale.uml_rec,0,0.26,0,0.02,0.55,,,
321051,91,1129_MSA.fa.ufboot.ale.uml_rec,0,0.48,0,0,1.14,,,
321064,91,1142_MSA.fa.ufboot.ale.uml_rec,0,0.04,0,0.05,0.99,,,
321078,91,115_MSA.fa.ufboot.ale.uml_rec,0,0.03,0,0.07,0.78,,,
321088,91,1172_MSA.fa.ufboot.ale.uml_rec,0,0,0,0.76,1,,,
321111,91,1194_MSA.fa.ufboot.ale.uml_rec,0,0.05,0,0.07,0.94,,,
321112,91,1195_MSA.fa.ufboot.ale.uml_rec,0,0.05,0,0.01,0.97,,,
321120,91,1202_MSA.fa.ufboot.ale.uml_rec,0,0.01,0,0.03,0.94,,,
321136,91,121_MSA.fa.ufboot.ale.uml_rec,0,0,0,0.74,1,,,
321158,91,1244_MSA.fa.ufboot.ale.uml_rec,0,0.16,0,0.25,0.91,,,
321184,91,127_MSA.fa.ufboot.ale.uml_rec,0,0.13,0,0.38,0.6,,,
321208,91,1303_MSA.fa.ufboot.ale.uml_rec,0,0.08,0,0.12,0.55,,,
321210,91,1305_MSA.fa.ufboot.ale.uml_rec,0,0.69,0,0,0.91,,,
321211,91,1306_MSA.fa.ufboot.ale.uml_rec,0,0.02,0,0,0.89,,,
321220,91,1315_MSA.fa.ufboot.ale.uml_rec,0,0,0,0.01,0.67,,,
321222,91,1317_MSA.fa.ufboot.ale.uml_rec,0,0.3,0,0,0.81,,,
321223,91,1318_MSA.fa.ufboot.ale.uml_rec,0,0.02,0,0.06,0.88,,,
321226,91,1320_MSA.fa.ufboot.ale.uml_rec,0,0.01,0,0,0.98,,,
321227,91,1321_MSA.fa.ufboot.ale.uml_rec,0,0,0,0.06,1,,,
321229,91,1323_MSA.fa.ufboot.ale.uml_rec,0,0.86,0,0,0.94,,,
321230,91,1324_MSA.fa.ufboot.ale.uml_rec,0,1.49,0,0,1.49,,,
321233,91,1327_MSA.fa.ufboot.ale.uml_rec,0,0.13,0,0,0.82,,,
321237,91,1331_MSA.fa.ufboot.ale.uml_rec,0,0.52,0,0,0.53,,,
321238,91,1332_MSA.fa.ufboot.ale.uml_rec,0,0.81,0,0.05,1.49,,,
321239,91,1333_MSA.fa.ufboot.ale.uml_rec,0,0.02,0,0.02,0.95,,,
321241,91,1335_MSA.fa.ufboot.ale.uml_rec,0,0.15,0,0.39,0.93,,,
321248,91,1342_MSA.fa.ufboot.ale.uml_rec,0,1.25,0,0,1.26,,,
321257,91,1352_MSA.fa.ufboot.ale.uml_rec,0,0.43,0,0,0.55,,,
321261,91,1356_MSA.fa.ufboot.ale.uml_rec,0,0.04,0,0.01,0.94,,,
321264,91,1359_MSA.fa.ufboot.ale.uml_rec,0,0.17,0,0,0.93,,,
321266,91,1360_MSA.fa.ufboot.ale.uml_rec,0,0.16,0,0.03,0.89,,,
321272,91,1366_MSA.fa.ufboot.ale.uml_rec,0,0.14,0,0.59,0.82,,,
321274,91,1368_MSA.fa.ufboot.ale.uml_rec,0,0.03,0,0.67,0.77,,,
321297,91,1390_MSA.fa.ufboot.ale.uml_rec,0,0.51,0,0.01,0.55,,,
321300,91,1393_MSA.fa.ufboot.ale.uml_rec,0,0.05,0,0,1.04,,,
321318,91,1412_MSA.fa.ufboot.ale.uml_rec,0,0.08,0,0,1.03,,,
321327,91,1422_MSA.fa.ufboot.ale.uml_rec,0,0.49,0,0.01,0.77,,,
321333,91,1428_MSA.fa.ufboot.ale.uml_rec,0,0.37,0,0.02,0.65,,,
321336,91,1431_MSA.fa.ufboot.ale.uml_rec,0,0.05,0,0.37,0.59,,,
321356,91,1453_MSA.fa.ufboot.ale.uml_rec,0,0.51,0,0.01,0.73,,,
321368,91,1469_MSA.fa.ufboot.ale.uml_rec,0,0.02,0,0.01,0.98,,,
321373,91,1475_MSA.fa.ufboot.ale.uml_rec,0,0.63,0,0,1.58,,,
321399,91,1504_MSA.fa.ufboot.ale.uml_rec,0,0.32,0,0.04,0.69,,,
321424,91,1541_MSA.fa.ufboot.ale.uml_rec,0,0.1,0,0,1,,,
321425,91,1542_MSA.fa.ufboot.ale.uml_rec,0,0.06,0,0.29,0.93,,,
321429,91,1550_MSA.fa.ufboot.ale.uml_rec,0,0.09,0,0.49,0.92,,,
321431,91,1552_MSA.fa.ufboot.ale.uml_rec,0,0.44,0,0.01,0.6,,,
321433,91,1554_MSA.fa.ufboot.ale.uml_rec,0,0.21,0,0.02,0.98,,,
321434,91,1555_MSA.fa.ufboot.ale.uml_rec,0,0.1,0,0.34,0.94,,,
321438,91,1559_MSA.fa.ufboot.ale.uml_rec,0,0.8,0,0.09,1.42,,,
321443,91,1563_MSA.fa.ufboot.ale.uml_rec,0,0.37,0,0.04,0.88,,,
321444,91,1565_MSA.fa.ufboot.ale.uml_rec,0,0.49,0,0.01,0.57,,,
321455,91,1575_MSA.fa.ufboot.ale.uml_rec,0,0,0,0,1,,,
321458,91,1579_MSA.fa.ufboot.ale.uml_rec,0,0.84,0,0.02,0.92,,,
321474,91,1594_MSA.fa.ufboot.ale.uml_rec,0,0.21,0,0.05,0.65,,,
321482,91,1601_MSA.fa.ufboot.ale.uml_rec,0,0.1,0,0.37,0.69,,,
321486,91,1606_MSA.fa.ufboot.ale.uml_rec,0,0,0,0,1,,,
321487,91,1607_MSA.fa.ufboot.ale.uml_rec,0,0.14,0,0.57,0.8,,,
321488,91,1608_MSA.fa.ufboot.ale.uml_rec,0,0.1,0,0.07,0.75,,,
321493,91,1612_MSA.fa.ufboot.ale.uml_rec,0,0.04,0,0,0.98,,,
321496,91,1615_MSA.fa.ufboot.ale.uml_rec,0,0.05,0,0.01,0.75,,,
321514,91,1633_MSA.fa.ufboot.ale.uml_rec,0,0.05,0,0.14,0.81,,,
321521,91,1640_MSA.fa.ufboot.ale.uml_rec,0,0.02,0,0,0.95,,,
321523,91,1642_MSA.fa.ufboot.ale.uml_rec,0,0.19,0,0.01,0.78,,,
321531,91,1650_MSA.fa.ufboot.ale.uml_rec,0,0.15,0,0.17,0.64,,,
321543,91,1663_MSA.fa.ufboot.ale.uml_rec,0,0.04,0,0.46,0.6,,,
321561,91,1684_MSA.fa.ufboot.ale.uml_rec,0,0.01,0,0.02,0.77,,,
321564,91,1687_MSA.fa.ufboot.ale.uml_rec,0,0.02,0,0,1,,,
321565,91,1688_MSA.fa.ufboot.ale.uml_rec,0,0.62,0,0,0.63,,,
321568,91,1690_MSA.fa.ufboot.ale.uml_rec,0,0.01,0,0,0.84,,,
321575,91,1699_MSA.fa.ufboot.ale.uml_rec,0,0.46,0,0.15,0.73,,,
321587,91,1712_MSA.fa.ufboot.ale.uml_rec,0,0.95,0,0,0.95,,,
321620,91,1745_MSA.fa.ufboot.ale.uml_rec,0,0.43,0,0.02,0.5,,,
321639,91,1762_MSA.fa.ufboot.ale.uml_rec,0,0.3,0,0.02,0.54,,,
321640,91,1763_MSA.fa.ufboot.ale.uml_rec,0,0.01,0,0.66,0.76,,,
321642,91,1767_MSA.fa.ufboot.ale.uml_rec,0,0.47,0,0.09,0.59,,,
321643,91,1768_MSA.fa.ufboot.ale.uml_rec,0,0.25,0,0,0.94,,,
321646,91,1770_MSA.fa.ufboot.ale.uml_rec,0,0.02,0,0,1.01,,,
321650,91,1774_MSA.fa.ufboot.ale.uml_rec,0,0.08,0,0,0.8,,,
321658,91,1782_MSA.fa.ufboot.ale.uml_rec,0,0.19,0,0,0.79,,,
321661,91,1785_MSA.fa.ufboot.ale.uml_rec,0,0.89,0,0,1,,,
321664,91,1788_MSA.fa.ufboot.ale.uml_rec,0,0.09,0,0.07,0.52,,,
321665,91,1789_MSA.fa.ufboot.ale.uml_rec,0,0.14,0,0,0.69,,,
321667,91,1792_MSA.fa.ufboot.ale.uml_rec,0,0.31,0,0.13,0.62,,,
321682,91,1805_MSA.fa.ufboot.ale.uml_rec,0,0.11,0,0,1,,,
321686,91,1809_MSA.fa.ufboot.ale.uml_rec,0,0.02,0,0.05,0.67,,,
321690,91,1812_MSA.fa.ufboot.ale.uml_rec,0,0.16,0,0.01,0.84,,,
321695,91,1818_MSA.fa.ufboot.ale.uml_rec,0,0.05,0,0,0.81,,,
321701,91,1823_MSA.fa.ufboot.ale.uml_rec,0,0.37,0,0.06,0.65,,,
321709,91,1831_MSA.fa.ufboot.ale.uml_rec,0,0,0,0.01,1,,,
321715,91,1839_MSA.fa.ufboot.ale.uml_rec,0,0.4,0,0,0.83,,,
321734,91,1860_MSA.fa.ufboot.ale.uml_rec,0,0.07,0,0.28,0.65,,,
321737,91,1864_MSA.fa.ufboot.ale.uml_rec,0,0,0,0.84,0.93,,,
321745,91,1871_MSA.fa.ufboot.ale.uml_rec,0,0.34,0,0.07,0.54,,,
321746,91,1872_MSA.fa.ufboot.ale.uml_rec,0,0.81,0,0,0.81,,,
321750,91,1876_MSA.fa.ufboot.ale.uml_rec,0,0.36,0,0.1,0.62,,,
321757,91,1882_MSA.fa.ufboot.ale.uml_rec,0,0.27,0,0,1,,,
321758,91,1883_MSA.fa.ufboot.ale.uml_rec,0,0.05,0,0.06,0.94,,,
321760,91,1885_MSA.fa.ufboot.ale.uml_rec,0,0.08,0,0.05,0.78,,,
321761,91,1886_MSA.fa.ufboot.ale.uml_rec,0,0.01,0,0.01,0.81,,,
321769,91,1896_MSA.fa.ufboot.ale.uml_rec,0,0.21,0,0.08,0.55,,,
321778,91,1904_MSA.fa.ufboot.ale.uml_rec,0,0.7,0,0,0.78,,,
321788,91,1915_MSA.fa.ufboot.ale.uml_rec,0,0,0,0,0.99,,,
321790,91,1917_MSA.fa.ufboot.ale.uml_rec,0,0.79,0,0.01,0.82,,,
321799,91,1927_MSA.fa.ufboot.ale.uml_rec,0,0.55,0,0.01,0.75,,,
321800,91,1928_MSA.fa.ufboot.ale.uml_rec,0,0.09,0,0.34,0.52,,,
321807,91,1934_MSA.fa.ufboot.ale.uml_rec,0,0.1,0,0.02,0.55,,,
321808,91,1935_MSA.fa.ufboot.ale.uml_rec,0,0.03,0,0,0.7,,,
321809,91,1936_MSA.fa.ufboot.ale.uml_rec,0,0.48,0,0.02,0.92,,,
321810,91,1937_MSA.fa.ufboot.ale.uml_rec,0,0.06,0,0,0.92,,,
321811,91,1938_MSA.fa.ufboot.ale.uml_rec,0,0,0,0.01,1,,,
321812,91,1939_MSA.fa.ufboot.ale.uml_rec,0,0.44,0,0.1,0.73,,,
321817,91,1944_MSA.fa.ufboot.ale.uml_rec,0,0.7,0,0,0.7,,,
321819,91,1946_MSA.fa.ufboot.ale.uml_rec,0,0.17,0,0,0.93,,,
321826,91,1952_MSA.fa.ufboot.ale.uml_rec,0,0.04,0,0.05,0.6,,,
321841,91,1970_MSA.fa.ufboot.ale.uml_rec,0,0.03,0,0.03,0.68,,,
321842,91,1971_MSA.fa.ufboot.ale.uml_rec,0,0.77,0,0,0.79,,,
321844,91,1973_MSA.fa.ufboot.ale.uml_rec,0,0.83,0,0.02,0.89,,,
321845,91,1974_MSA.fa.ufboot.ale.uml_rec,0,0.53,0,0,0.53,,,
321849,91,1978_MSA.fa.ufboot.ale.uml_rec,0,0.49,0,0.01,0.58,,,
321852,91,1980_MSA.fa.ufboot.ale.uml_rec,0,0.01,0,0,0.82,,,
321854,91,1982_MSA.fa.ufboot.ale.uml_rec,0,0.3,0,0,0.88,,,
321860,91,1989_MSA.fa.ufboot.ale.uml_rec,0,0.09,0,0.01,0.98,,,
321861,91,1990_MSA.fa.ufboot.ale.uml_rec,0,0.01,0,0,1,,,
321862,91,1991_MSA.fa.ufboot.ale.uml_rec,0,0,0,0.01,1,,,
321865,91,1994_MSA.fa.ufboot.ale.uml_rec,0,0.4,0,0.04,0.64,,,
321869,91,1998_MSA.fa.ufboot.ale.uml_rec,0,0.02,0,0.01,0.97,,,
321870,91,1999_MSA.fa.ufboot.ale.uml_rec,0,0,0,0,1,,,
321874,91,2002_MSA.fa.ufboot.ale.uml_rec,0,0.5,0,0,0.5,,,
321875,91,2003_MSA.fa.ufboot.ale.uml_rec,0,0,0,0,1,,,
321878,91,2006_MSA.fa.ufboot.ale.uml_rec,0,0.17,0,0,0.6,,,
321879,91,2007_MSA.fa.ufboot.ale.uml_rec,0,0,0,0,1,,,
321885,91,2012_MSA.fa.ufboot.ale.uml_rec,0,0.5,0,0.03,0.76,,,
321886,91,2013_MSA.fa.ufboot.ale.uml_rec,0,0.02,0,0,0.8,,,
321887,91,2014_MSA.fa.ufboot.ale.uml_rec,0,0.02,0,0.02,0.99,,,
321889,91,2016_MSA.fa.ufboot.ale.uml_rec,0,0.02,0,0,0.98,,,
321890,91,2017_MSA.fa.ufboot.ale.uml_rec,0,0.47,0,0.01,0.63,,,
321891,91,2018_MSA.fa.ufboot.ale.uml_rec,0,0.05,0,0.08,0.97,,,
321892,91,2019_MSA.fa.ufboot.ale.uml_rec,0,0.71,0,0,0.74,,,
321894,91,2020_MSA.fa.ufboot.ale.uml_rec,0,0.02,0,0,1,,,
321895,91,2021_MSA.fa.ufboot.ale.uml_rec,0,0,0,0,1,,,
321898,91,2024_MSA.fa.ufboot.ale.uml_rec,0,0.16,0,0,0.88,,,
321902,91,2028_MSA.fa.ufboot.ale.uml_rec,0,0.41,0,0.01,0.63,,,
321903,91,2029_MSA.fa.ufboot.ale.uml_rec,0,0.1,0,0.2,0.94,,,
321904,91,2030_MSA.fa.ufboot.ale.uml_rec,0,0.27,0,0,0.97,,,
321905,91,2031_MSA.fa.ufboot.ale.uml_rec,0,0.58,0,0,0.61,,,
321906,91,2032_MSA.fa.ufboot.ale.uml_rec,0,0.37,0,0,0.52,,,
321907,91,2033_MSA.fa.ufboot.ale.uml_rec,0,0.01,0,0.02,0.98,,,
321909,91,2035_MSA.fa.ufboot.ale.uml_rec,0,0.25,0,0,0.64,,,
321910,91,2036_MSA.fa.ufboot.ale.uml_rec,0,0.3,0,0.01,0.93,,,
321911,91,2037_MSA.fa.ufboot.ale.uml_rec,0,0,0,0.46,0.71,,,
321912,91,2038_MSA.fa.ufboot.ale.uml_rec,0,0.63,0,0.01,0.67,,,
321913,91,2039_MSA.fa.ufboot.ale.uml_rec,0,0.73,0,0,0.73,,,
321914,91,203_MSA.fa.ufboot.ale.uml_rec,0,0.02,0,0.01,0.91,,,
321916,91,2041_MSA.fa.ufboot.ale.uml_rec,0,0.01,0,0,0.99,,,
321917,91,2042_MSA.fa.ufboot.ale.uml_rec,0,0.35,0,0.03,0.89,,,
321918,91,2043_MSA.fa.ufboot.ale.uml_rec,0,0.42,0,0.03,0.56,,,
321922,91,2047_MSA.fa.ufboot.ale.uml_rec,0,0,0,0.86,1,,,
321926,91,2050_MSA.fa.ufboot.ale.uml_rec,0,0.34,0,0.01,0.54,,,
321930,91,2054_MSA.fa.ufboot.ale.uml_rec,0,0.3,0,0.13,0.66,,,
321931,91,2055_MSA.fa.ufboot.ale.uml_rec,0,0.6,0,0,0.6,,,
321933,91,2057_MSA.fa.ufboot.ale.uml_rec,0,0.04,0,0,0.96,,,
321934,91,2058_MSA.fa.ufboot.ale.uml_rec,0,0,0,0,0.97,,,
321937,91,2060_MSA.fa.ufboot.ale.uml_rec,0,0.09,0,0.01,0.94,,,
321938,91,2061_MSA.fa.ufboot.ale.uml_rec,0,0.15,0,0.65,0.97,,,
321940,91,2063_MSA.fa.ufboot.ale.uml_rec,0,0,0,0,0.99,,,
321941,91,2064_MSA.fa.ufboot.ale.uml_rec,0,0.01,0,0.02,0.69,,,
321942,91,2065_MSA.fa.ufboot.ale.uml_rec,0,0.6,0,0,0.82,,,
321943,91,2066_MSA.fa.ufboot.ale.uml_rec,0,0.54,0,0.02,0.64,,,
321944,91,2067_MSA.fa.ufboot.ale.uml_rec,0,0.08,0,0,0.98,,,
321945,91,2068_MSA.fa.ufboot.ale.uml_rec,0,0.47,0,0.01,0.71,,,
321946,91,2069_MSA.fa.ufboot.ale.uml_rec,0,0.1,0,0.02,0.84,,,
321949,91,2071_MSA.fa.ufboot.ale.uml_rec,0,0,0,0,1,,,
321950,91,2072_MSA.fa.ufboot.ale.uml_rec,0,0,0,0,0.83,,,
321952,91,2074_MSA.fa.ufboot.ale.uml_rec,0,0.03,0,0,0.97,,,
321954,91,2076_MSA.fa.ufboot.ale.uml_rec,0,0,0,0,1,,,
321955,91,2077_MSA.fa.ufboot.ale.uml_rec,0,0.01,0,0.01,1,,,
321956,91,2078_MSA.fa.ufboot.ale.uml_rec,0,0.01,0,0,0.99,,,
321961,91,2082_MSA.fa.ufboot.ale.uml_rec,0,0,0,0,1,,,
321962,91,2083_MSA.fa.ufboot.ale.uml_rec,0,0.14,0,0.01,0.88,,,
321964,91,2085_MSA.fa.ufboot.ale.uml_rec,0,0.01,0,0,1,,,
321965,91,2086_MSA.fa.ufboot.ale.uml_rec,0,0.02,0,0.01,0.89,,,
321966,91,2087_MSA.fa.ufboot.ale.uml_rec,0,0,0,0,0.99,,,
321968,91,2089_MSA.fa.ufboot.ale.uml_rec,0,0.01,0,0,0.93,,,
321971,91,2091_MSA.fa.ufboot.ale.uml_rec,0,0,0,0,0.99,,,
321972,91,2092_MSA.fa.ufboot.ale.uml_rec,0,0.77,0,0,0.77,,,
321973,91,2093_MSA.fa.ufboot.ale.uml_rec,0,0.11,0,0.07,0.9,,,
321974,91,2094_MSA.fa.ufboot.ale.uml_rec,0,0,0,0.06,0.93,,,
321981,91,2100_MSA.fa.ufboot.ale.uml_rec,0,0.02,0,0,0.98,,,
321982,91,2101_MSA.fa.ufboot.ale.uml_rec,0,0.01,0,0,0.99,,,
321983,91,2102_MSA.fa.ufboot.ale.uml_rec,0,0.09,0,0.27,0.68,,,
321984,91,2103_MSA.fa.ufboot.ale.uml_rec,0,0.01,0,0.03,0.8,,,
321986,91,2105_MSA.fa.ufboot.ale.uml_rec,0,0.2,0,0.01,0.66,,,
321988,91,2107_MSA.fa.ufboot.ale.uml_rec,0,0.39,0,0.01,0.63,,,
321989,91,2108_MSA.fa.ufboot.ale.uml_rec,0,0,0,0.11,0.95,,,
321990,91,2109_MSA.fa.ufboot.ale.uml_rec,0,0.75,0,0,0.83,,,
321995,91,2113_MSA.fa.ufboot.ale.uml_rec,0,0.12,0,0,0.69,,,
321996,91,2114_MSA.fa.ufboot.ale.uml_rec,0,0.02,0,0.11,0.9,,,
321997,91,2115_MSA.fa.ufboot.ale.uml_rec,0,0,0,0.01,0.97,,,
321998,91,2116_MSA.fa.ufboot.ale.uml_rec,0,0.08,0,0.03,0.71,,,
321999,91,2117_MSA.fa.ufboot.ale.uml_rec,0,0.01,0,0,0.98,,,
322002,91,2120_MSA.fa.ufboot.ale.uml_rec,0,0.01,0,0.01,0.93,,,
322003,91,2121_MSA.fa.ufboot.ale.uml_rec,0,0.1,0,0.17,0.64,,,
322004,91,2122_MSA.fa.ufboot.ale.uml_rec,0,0.5,0,0.08,0.67,,,
322005,91,2123_MSA.fa.ufboot.ale.uml_rec,0,0.01,0,0,0.98,,,
322006,91,2124_MSA.fa.ufboot.ale.uml_rec,0,0.09,0,0,0.99,,,
322009,91,2127_MSA.fa.ufboot.ale.uml_rec,0,0.48,0,0.01,0.86,,,
322010,91,2128_MSA.fa.ufboot.ale.uml_rec,0,0.6,0,0.04,0.69,,,
322017,91,2135_MSA.fa.ufboot.ale.uml_rec,0,0.74,0,0.01,0.76,,,
322019,91,2137_MSA.fa.ufboot.ale.uml_rec,0,0.05,0,0.31,0.87,,,
322023,91,2141_MSA.fa.ufboot.ale.uml_rec,0,0.62,0,0.01,0.99,,,
322024,91,2142_MSA.fa.ufboot.ale.uml_rec,0,0,0,0.01,0.99,,,
322025,91,2143_MSA.fa.ufboot.ale.uml_rec,0,0.05,0,0,0.79,,,
322026,91,2144_MSA.fa.ufboot.ale.uml_rec,0,0.06,0,0,0.52,,,
322027,91,2145_MSA.fa.ufboot.ale.uml_rec,0,0,0,0,0.97,,,
322028,91,2146_MSA.fa.ufboot.ale.uml_rec,0,0.14,0,0.1,0.81,,,
322029,91,2147_MSA.fa.ufboot.ale.uml_rec,0,0,0,0,0.9,,,
322032,91,2150_MSA.fa.ufboot.ale.uml_rec,0,0.01,0,0,1,,,
322033,91,2151_MSA.fa.ufboot.ale.uml_rec,0,0.01,0,0.51,0.56,,,
322034,91,2152_MSA.fa.ufboot.ale.uml_rec,0,0,0,0,0.97,,,
322040,91,2158_MSA.fa.ufboot.ale.uml_rec,0,0.38,0,0,0.51,,,
322043,91,2160_MSA.fa.ufboot.ale.uml_rec,0,0.39,0,0,1,,,
322047,91,2164_MSA.fa.ufboot.ale.uml_rec,0,0.03,0,0,0.5,,,
322048,91,2165_MSA.fa.ufboot.ale.uml_rec,0,0,0,0.01,0.89,,,
322049,91,2166_MSA.fa.ufboot.ale.uml_rec,0,0,0,0,1,,,
322053,91,2170_MSA.fa.ufboot.ale.uml_rec,0,0.53,0,0,0.55,,,
322054,91,2171_MSA.fa.ufboot.ale.uml_rec,0,0.08,0,0.01,0.95,,,
322056,91,2173_MSA.fa.ufboot.ale.uml_rec,0,0.05,0,0.36,0.71,,,
322057,91,2174_MSA.fa.ufboot.ale.uml_rec,0,0.01,0,0,0.97,,,
322059,91,2176_MSA.fa.ufboot.ale.uml_rec,0,0.04,0,0.19,0.53,,,
322062,91,2179_MSA.fa.ufboot.ale.uml_rec,0,0.03,0,0.01,0.99,,,
322067,91,2183_MSA.fa.ufboot.ale.uml_rec,0,0.19,0,0.06,0.53,,,
322068,91,2184_MSA.fa.ufboot.ale.uml_rec,0,0.01,0,0.02,0.99,,,
322070,91,2186_MSA.fa.ufboot.ale.uml_rec,0,0.02,0,0.01,0.98,,,
322072,91,2188_MSA.fa.ufboot.ale.uml_rec,0,0.2,0,0.55,0.88,,,
322077,91,2192_MSA.fa.ufboot.ale.uml_rec,0,0.12,0,0,0.96,,,
322078,91,2193_MSA.fa.ufboot.ale.uml_rec,0,0.01,0,0.87,0.99,,,
322079,91,2194_MSA.fa.ufboot.ale.uml_rec,0,0.02,0,0,0.98,,,
322081,91,2196_MSA.fa.ufboot.ale.uml_rec,0,0,0,0.01,0.96,,,
322082,91,2197_MSA.fa.ufboot.ale.uml_rec,0,0.11,0,0,0.99,,,
322083,91,2198_MSA.fa.ufboot.ale.uml_rec,0,0.18,0,0,0.64,,,
322084,91,2199_MSA.fa.ufboot.ale.uml_rec,0,0.18,0,0.21,0.53,,,
322086,91,2200_MSA.fa.ufboot.ale.uml_rec,0,0.01,0,0,1,,,
322088,91,2203_MSA.fa.ufboot.ale.uml_rec,0,0.36,0,0,0.87,,,
322089,91,2204_MSA.fa.ufboot.ale.uml_rec,0,0.01,0,0.01,1,,,
322091,91,2206_MSA.fa.ufboot.ale.uml_rec,0,0.02,0,0,0.98,,,
322093,91,2208_MSA.fa.ufboot.ale.uml_rec,0,0.02,0,0.02,0.99,,,
322094,91,2209_MSA.fa.ufboot.ale.uml_rec,0,0.03,0,0,0.97,,,
322096,91,2210_MSA.fa.ufboot.ale.uml_rec,0,0.02,0,0.02,0.97,,,
322099,91,2213_MSA.fa.ufboot.ale.uml_rec,0,0.02,0,0,0.99,,,
322104,91,2218_MSA.fa.ufboot.ale.uml_rec,0,0.2,0,0,0.97,,,
322105,91,2219_MSA.fa.ufboot.ale.uml_rec,0,0.67,0,0,0.7,,,
322106,91,2220_MSA.fa.ufboot.ale.uml_rec,0,0,0,0,1,,,
322107,91,2221_MSA.fa.ufboot.ale.uml_rec,0,0,0,0,0.97,,,
322108,91,2222_MSA.fa.ufboot.ale.uml_rec,0,0.01,0,0,0.92,,,
322109,91,2223_MSA.fa.ufboot.ale.uml_rec,0,0.02,0,0.82,0.94,,,
322111,91,2225_MSA.fa.ufboot.ale.uml_rec,0,0.13,0,0,0.92,,,
322112,91,2226_MSA.fa.ufboot.ale.uml_rec,0,0.71,0,0,0.72,,,
322115,91,2229_MSA.fa.ufboot.ale.uml_rec,0,0.14,0,0,0.94,,,
322117,91,2231_MSA.fa.ufboot.ale.uml_rec,0,0.18,0,0,0.97,,,
322118,91,2232_MSA.fa.ufboot.ale.uml_rec,0,0.06,0,0.04,0.6,,,
322123,91,2237_MSA.fa.ufboot.ale.uml_rec,0,0.02,0,0.03,1,,,
322124,91,2238_MSA.fa.ufboot.ale.uml_rec,0,0,0,0,0.99,,,
322125,91,2239_MSA.fa.ufboot.ale.uml_rec,0,0.28,0,0.01,0.94,,,
322127,91,2240_MSA.fa.ufboot.ale.uml_rec,0,0.58,0,0,0.88,,,
322129,91,2242_MSA.fa.ufboot.ale.uml_rec,0,0,0,0.01,0.92,,,
322130,91,2243_MSA.fa.ufboot.ale.uml_rec,0,0.45,0,0.36,0.89,,,
322132,91,2245_MSA.fa.ufboot.ale.uml_rec,0,0.82,0,0,0.83,,,
322133,91,2246_MSA.fa.ufboot.ale.uml_rec,0,0.16,0,0.01,0.98,,,
322136,91,2249_MSA.fa.ufboot.ale.uml_rec,0,0.34,0,0,0.85,,,
322139,91,2251_MSA.fa.ufboot.ale.uml_rec,0,0.02,0,0,0.99,,,
322140,91,2252_MSA.fa.ufboot.ale.uml_rec,0,0.04,0,0.71,0.87,,,
322142,91,2254_MSA.fa.ufboot.ale.uml_rec,0,0.03,0,0.08,0.97,,,
322143,91,2255_MSA.fa.ufboot.ale.uml_rec,0,0.13,0,0.01,0.96,,,
322144,91,2256_MSA.fa.ufboot.ale.uml_rec,0,0.54,0,0.06,0.69,,,
322146,91,2258_MSA.fa.ufboot.ale.uml_rec,0,0.1,0,0.02,0.99,,,
322147,91,2259_MSA.fa.ufboot.ale.uml_rec,0,0.31,0,0.01,0.8,,,
322152,91,2263_MSA.fa.ufboot.ale.uml_rec,0,0.01,0,0.45,0.54,,,
322153,91,2264_MSA.fa.ufboot.ale.uml_rec,0,0.05,0,0.01,0.87,,,
322154,91,2265_MSA.fa.ufboot.ale.uml_rec,0,0,0,0.02,1,,,
322155,91,2266_MSA.fa.ufboot.ale.uml_rec,0,0,0,0,1,,,
322156,91,2267_MSA.fa.ufboot.ale.uml_rec,0,0,0,0,0.99,,,
322157,91,2268_MSA.fa.ufboot.ale.uml_rec,0,0.08,0,0.17,1,,,
322158,91,2269_MSA.fa.ufboot.ale.uml_rec,0,0.63,0,0,0.64,,,
322161,91,2271_MSA.fa.ufboot.ale.uml_rec,0,0.16,0,0.05,0.76,,,
322164,91,2274_MSA.fa.ufboot.ale.uml_rec,0,0.06,0,0,0.89,,,
322165,91,2275_MSA.fa.ufboot.ale.uml_rec,0,0.01,0,0,1,,,
322168,91,2278_MSA.fa.ufboot.ale.uml_rec,0,0.79,0,0,0.79,,,
322169,91,2279_MSA.fa.ufboot.ale.uml_rec,0,0.2,0,0,0.83,,,
322178,91,2287_MSA.fa.ufboot.ale.uml_rec,0,0.07,0,0.16,0.98,,,
322179,91,2288_MSA.fa.ufboot.ale.uml_rec,0,0.01,0,0,1,,,
322180,91,2289_MSA.fa.ufboot.ale.uml_rec,0,0.15,0,0.1,0.92,,,
322182,91,2290_MSA.fa.ufboot.ale.uml_rec,0,0.04,0,0,0.96,,,
322184,91,2292_MSA.fa.ufboot.ale.uml_rec,0,0.05,0,0,1,,,
322186,91,2294_MSA.fa.ufboot.ale.uml_rec,0,0.17,0,0.11,0.6,,,
322191,91,2299_MSA.fa.ufboot.ale.uml_rec,0,0.01,0,0.01,1,,,
322194,91,2301_MSA.fa.ufboot.ale.uml_rec,0,0.66,0,0.01,0.85,,,
322195,91,2302_MSA.fa.ufboot.ale.uml_rec,0,0.92,0,0,0.94,,,
322196,91,2303_MSA.fa.ufboot.ale.uml_rec,0,0.85,0,0.01,0.91,,,
322200,91,2307_MSA.fa.ufboot.ale.uml_rec,0,0,0,0,1,,,
322201,91,2308_MSA.fa.ufboot.ale.uml_rec,0,0.07,0,0,0.92,,,
322202,91,2309_MSA.fa.ufboot.ale.uml_rec,0,0.27,0,0.12,0.6,,,
322203,91,2310_MSA.fa.ufboot.ale.uml_rec,0,0.02,0,0,1,,,
322204,91,2311_MSA.fa.ufboot.ale.uml_rec,0,0.11,0,0.02,0.85,,,
322210,91,2332_MSA.fa.ufboot.ale.uml_rec,0,0,0,0,1,,,
322213,91,2335_MSA.fa.ufboot.ale.uml_rec,0,0,0,0.02,0.76,,,
322214,91,2336_MSA.fa.ufboot.ale.uml_rec,0,0.53,0,0.02,0.65,,,
322215,91,2337_MSA.fa.ufboot.ale.uml_rec,0,0.03,0,0.43,0.67,,,
322216,91,2338_MSA.fa.ufboot.ale.uml_rec,0,0.03,0,0.05,0.93,,,
322221,91,2342_MSA.fa.ufboot.ale.uml_rec,0,0.06,0,0.18,0.87,,,
322223,91,2344_MSA.fa.ufboot.ale.uml_rec,0,0,0,0,0.99,,,
322225,91,2346_MSA.fa.ufboot.ale.uml_rec,0,0.01,0,0,0.97,,,
322226,91,2347_MSA.fa.ufboot.ale.uml_rec,0,0,0,0,1,,,
322227,91,2348_MSA.fa.ufboot.ale.uml_rec,0,0.67,0,0,0.68,,,
322228,91,2349_MSA.fa.ufboot.ale.uml_rec,0,0.03,0,0.01,1,,,
322232,91,2352_MSA.fa.ufboot.ale.uml_rec,0,0.04,0,0.37,0.72,,,
322235,91,2355_MSA.fa.ufboot.ale.uml_rec,0,0.04,0,0.01,0.93,,,
322236,91,2356_MSA.fa.ufboot.ale.uml_rec,0,0.01,0,0.03,0.82,,,
322237,91,2357_MSA.fa.ufboot.ale.uml_rec,0,0.04,0,0.06,0.92,,,
322238,91,2358_MSA.fa.ufboot.ale.uml_rec,0,0,0,0,1,,,
322241,91,2360_MSA.fa.ufboot.ale.uml_rec,0,0,0,0.01,1,,,
322242,91,2361_MSA.fa.ufboot.ale.uml_rec,0,0.47,0,0.22,0.85,,,
322246,91,2365_MSA.fa.ufboot.ale.uml_rec,0,0.06,0,0.08,0.82,,,
322247,91,2366_MSA.fa.ufboot.ale.uml_rec,0,0.19,0,0.08,0.74,,,
322249,91,2368_MSA.fa.ufboot.ale.uml_rec,0,0.04,0,0.02,0.97,,,
322251,91,2370_MSA.fa.ufboot.ale.uml_rec,0,0.08,0,0.03,0.84,,,
322253,91,2372_MSA.fa.ufboot.ale.uml_rec,0,0.75,0,0,0.78,,,
322254,91,2373_MSA.fa.ufboot.ale.uml_rec,0,0.33,0,0.01,0.6,,,
322255,91,2374_MSA.fa.ufboot.ale.uml_rec,0,0.7,0,0,0.74,,,
322256,91,2375_MSA.fa.ufboot.ale.uml_rec,0,0.13,0,0.02,0.98,,,
322259,91,2378_MSA.fa.ufboot.ale.uml_rec,0,0.52,0,0.04,0.56,,,
322260,91,2379_MSA.fa.ufboot.ale.uml_rec,0,0,0,0,1,,,
322262,91,2380_MSA.fa.ufboot.ale.uml_rec,0,0.02,0,0.13,0.96,,,
322263,91,2381_MSA.fa.ufboot.ale.uml_rec,0,0.66,0,0,0.68,,,
322265,91,2383_MSA.fa.ufboot.ale.uml_rec,0,0,0,0,1,,,
322266,91,2384_MSA.fa.ufboot.ale.uml_rec,0,0.09,0,0,0.94,,,
322267,91,2385_MSA.fa.ufboot.ale.uml_rec,0,0.03,0,0.33,0.92,,,
322268,91,2386_MSA.fa.ufboot.ale.uml_rec,0,0.34,0,0.01,0.74,,,
322270,91,2388_MSA.fa.ufboot.ale.uml_rec,0,0.02,0,0,1,,,
322271,91,2389_MSA.fa.ufboot.ale.uml_rec,0,0.03,0,0.06,0.65,,,
322275,91,2392_MSA.fa.ufboot.ale.uml_rec,0,0.34,0,0,0.55,,,
322276,91,2393_MSA.fa.ufboot.ale.uml_rec,0,0.27,0,0,0.73,,,
322277,91,2394_MSA.fa.ufboot.ale.uml_rec,0,0,0,0.01,1,,,
322278,91,2395_MSA.fa.ufboot.ale.uml_rec,0,0.17,0,0,0.51,,,
322279,91,2396_MSA.fa.ufboot.ale.uml_rec,0,0.35,0,0.01,0.7,,,
322280,91,2397_MSA.fa.ufboot.ale.uml_rec,0,0.07,0,0.03,0.94,,,
322281,91,2398_MSA.fa.ufboot.ale.uml_rec,0,0.01,0,0,0.98,,,
322282,91,2399_MSA.fa.ufboot.ale.uml_rec,0,0.01,0,0.01,0.99,,,
322285,91,2400_MSA.fa.ufboot.ale.uml_rec,0,0.05,0,0.17,1.01,,,
322286,91,2401_MSA.fa.ufboot.ale.uml_rec,0,0.09,0,0.18,1,,,
322288,91,2403_MSA.fa.ufboot.ale.uml_rec,0,0.04,0,0.16,0.93,,,
322289,91,2404_MSA.fa.ufboot.ale.uml_rec,0,0,0,0.02,1,,,
322290,91,2405_MSA.fa.ufboot.ale.uml_rec,0,0.44,0,0,0.94,,,
322292,91,2407_MSA.fa.ufboot.ale.uml_rec,0,0,0,0.03,0.99,,,
322293,91,2409_MSA.fa.ufboot.ale.uml_rec,0,0,0,0,1,,,
322295,91,2410_MSA.fa.ufboot.ale.uml_rec,0,0.02,0,0.68,0.78,,,
322296,91,2411_MSA.fa.ufboot.ale.uml_rec,0,0.54,0,0,0.62,,,
322299,91,2414_MSA.fa.ufboot.ale.uml_rec,0,0.75,0,0,0.75,,,
322302,91,2417_MSA.fa.ufboot.ale.uml_rec,0,0.01,0,0.9,0.98,,,
322303,91,2418_MSA.fa.ufboot.ale.uml_rec,0,0.36,0,0.07,0.97,,,
322307,91,2421_MSA.fa.ufboot.ale.uml_rec,0,0.4,0,0,0.53,,,
322313,91,2427_MSA.fa.ufboot.ale.uml_rec,0,0.46,0,0,0.62,,,
322315,91,2429_MSA.fa.ufboot.ale.uml_rec,0,0,0,0.03,0.92,,,
322317,91,2430_MSA.fa.ufboot.ale.uml_rec,0,0.03,0,0.69,0.81,,,
322323,91,2436_MSA.fa.ufboot.ale.uml_rec,0,0,0,0,1,,,
322325,91,2438_MSA.fa.ufboot.ale.uml_rec,0,0,0,0,1,,,
322328,91,2440_MSA.fa.ufboot.ale.uml_rec,0,0.06,0,0,0.98,,,
322329,91,2441_MSA.fa.ufboot.ale.uml_rec,0,0.01,0,0,0.93,,,
322330,91,2442_MSA.fa.ufboot.ale.uml_rec,0,0.02,0,0.05,0.97,,,
322333,91,2445_MSA.fa.ufboot.ale.uml_rec,0,0.05,0,0.02,1,,,
322334,91,2446_MSA.fa.ufboot.ale.uml_rec,0,0.12,0,0.05,0.83,,,
322335,91,2447_MSA.fa.ufboot.ale.uml_rec,0,0,0,0.01,1,,,
322336,91,2448_MSA.fa.ufboot.ale.uml_rec,0,0.02,0,0,0.98,,,
322337,91,2449_MSA.fa.ufboot.ale.uml_rec,0,0.14,0,0.02,0.8,,,
322339,91,2450_MSA.fa.ufboot.ale.uml_rec,0,0.07,0,0,0.97,,,
322340,91,2451_MSA.fa.ufboot.ale.uml_rec,0,0.02,0,0.01,0.95,,,
322341,91,2452_MSA.fa.ufboot.ale.uml_rec,0,0.01,0,0.01,0.66,,,
322347,91,2459_MSA.fa.ufboot.ale.uml_rec,0,0.07,0,0.04,0.99,,,
322349,91,2460_MSA.fa.ufboot.ale.uml_rec,0,0.07,0,0.06,0.8,,,
322354,91,2465_MSA.fa.ufboot.ale.uml_rec,0,0.51,0,0.01,0.84,,,
322356,91,2467_MSA.fa.ufboot.ale.uml_rec,0,0.55,0,0.01,0.56,,,
322358,91,2469_MSA.fa.ufboot.ale.uml_rec,0,0.17,0,0.03,0.63,,,
322361,91,2471_MSA.fa.ufboot.ale.uml_rec,0,0.06,0,0.07,0.63,,,
322362,91,2472_MSA.fa.ufboot.ale.uml_rec,0,0,0,0,1,,,
322363,91,2473_MSA.fa.ufboot.ale.uml_rec,0,0.51,0,0.02,0.68,,,
322364,91,2474_MSA.fa.ufboot.ale.uml_rec,0,0.05,0,0.02,0.91,,,
322366,91,2476_MSA.fa.ufboot.ale.uml_rec,0,0,0,0.09,0.82,,,
322367,91,2477_MSA.fa.ufboot.ale.uml_rec,0,0,0,0,1,,,
322369,91,2479_MSA.fa.ufboot.ale.uml_rec,0,0.09,0,0,0.95,,,
322371,91,2480_MSA.fa.ufboot.ale.uml_rec,0,0.15,0,0.52,0.7,,,
322373,91,2482_MSA.fa.ufboot.ale.uml_rec,0,0.01,0,0,0.93,,,
322374,91,2483_MSA.fa.ufboot.ale.uml_rec,0,0.01,0,0.01,1,,,
322376,91,2485_MSA.fa.ufboot.ale.uml_rec,0,0.06,0,0.25,0.52,,,
322377,91,2486_MSA.fa.ufboot.ale.uml_rec,0,0.1,0,0.62,0.98,,,
322379,91,2488_MSA.fa.ufboot.ale.uml_rec,0,0.08,0,0.04,0.94,,,
322384,91,2493_MSA.fa.ufboot.ale.uml_rec,0,0.01,0,0,0.99,,,
322386,91,2495_MSA.fa.ufboot.ale.uml_rec,0,0.02,0,0.01,0.84,,,
322387,91,2496_MSA.fa.ufboot.ale.uml_rec,0,0.04,0,0.02,0.99,,,
322388,91,2497_MSA.fa.ufboot.ale.uml_rec,0,0.17,0,0,0.88,,,
322390,91,2499_MSA.fa.ufboot.ale.uml_rec,0,0.03,0,0.34,0.95,,,
322392,91,2500_MSA.fa.ufboot.ale.uml_rec,0,0.03,0,0.04,0.96,,,
322394,91,2502_MSA.fa.ufboot.ale.uml_rec,0,0.06,0,0,0.82,,,
322395,91,2503_MSA.fa.ufboot.ale.uml_rec,0,0.5,0,0.03,0.6,,,
322397,91,2505_MSA.fa.ufboot.ale.uml_rec,0,0.09,0,0,0.94,,,
322398,91,2506_MSA.fa.ufboot.ale.uml_rec,0,0.01,0,0.05,0.63,,,
322402,91,2510_MSA.fa.ufboot.ale.uml_rec,0,0.02,0,0.01,0.98,,,
322415,91,2523_MSA.fa.ufboot.ale.uml_rec,0,0.54,0,0.01,0.88,,,
322417,91,2525_MSA.fa.ufboot.ale.uml_rec,0,0.51,0,0,0.54,,,
322418,91,2526_MSA.fa.ufboot.ale.uml_rec,0,0.33,0,0.36,0.73,,,
322420,91,2528_MSA.fa.ufboot.ale.uml_rec,0,0.01,0,0,0.99,,,
322421,91,2529_MSA.fa.ufboot.ale.uml_rec,0,0.05,0,0.01,0.7,,,
322430,91,2537_MSA.fa.ufboot.ale.uml_rec,0,0.07,0,0.29,0.76,,,
322431,91,2538_MSA.fa.ufboot.ale.uml_rec,0,0.12,0,0.01,0.61,,,
322432,91,2539_MSA.fa.ufboot.ale.uml_rec,0,0.07,0,0.04,0.61,,,
322440,91,2546_MSA.fa.ufboot.ale.uml_rec,0,0.1,0,0.04,0.75,,,
322441,91,2547_MSA.fa.ufboot.ale.uml_rec,0,0.07,0,0.03,0.89,,,
322445,91,2550_MSA.fa.ufboot.ale.uml_rec,0,0.23,0,0.04,0.72,,,
322446,91,2551_MSA.fa.ufboot.ale.uml_rec,0,0.63,0,0,0.63,,,
322447,91,2552_MSA.fa.ufboot.ale.uml_rec,0,0,0,0,1,,,
322453,91,2559_MSA.fa.ufboot.ale.uml_rec,0,0,0,0.39,0.53,,,
322456,91,2562_MSA.fa.ufboot.ale.uml_rec,0,0.15,0,0.01,0.83,,,
322457,91,2563_MSA.fa.ufboot.ale.uml_rec,0,0.26,0,0.02,0.85,,,
322458,91,2564_MSA.fa.ufboot.ale.uml_rec,0,0.06,0,0.1,0.94,,,
322460,91,2566_MSA.fa.ufboot.ale.uml_rec,0,0.19,0,0.07,0.67,,,
322461,91,2567_MSA.fa.ufboot.ale.uml_rec,0,0.02,0,0.43,0.56,,,
322468,91,2575_MSA.fa.ufboot.ale.uml_rec,0,0.14,0,0.61,0.9,,,
322475,91,2582_MSA.fa.ufboot.ale.uml_rec,0,0.01,0,0,0.98,,,
322476,91,2583_MSA.fa.ufboot.ale.uml_rec,0,0,0,0.02,0.75,,,
322477,91,2584_MSA.fa.ufboot.ale.uml_rec,0,0.06,0,0.34,0.8,,,
322480,91,2588_MSA.fa.ufboot.ale.uml_rec,0,0.02,0,0.29,0.5,,,
322481,91,2589_MSA.fa.ufboot.ale.uml_rec,0,0.16,0,0.22,1.01,,,
322483,91,2590_MSA.fa.ufboot.ale.uml_rec,0,0.19,0,0,0.99,,,
322484,91,2591_MSA.fa.ufboot.ale.uml_rec,0,0.12,0,0.11,0.93,,,
322485,91,2592_MSA.fa.ufboot.ale.uml_rec,0,0.14,0,0.47,0.77,,,
322486,91,2593_MSA.fa.ufboot.ale.uml_rec,0,0.04,0,0.77,0.95,,,
322488,91,2595_MSA.fa.ufboot.ale.uml_rec,0,0.19,0,0.06,0.69,,,
322495,91,2602_MSA.fa.ufboot.ale.uml_rec,0,0.06,0,0,0.78,,,
322498,91,2605_MSA.fa.ufboot.ale.uml_rec,0,0.09,0,0.29,0.56,,,
322499,91,2606_MSA.fa.ufboot.ale.uml_rec,0,0.01,0,0.36,0.65,,,
322506,91,2612_MSA.fa.ufboot.ale.uml_rec,0,0.02,0,0,0.99,,,
322507,91,2613_MSA.fa.ufboot.ale.uml_rec,0,0.08,0,0.08,0.88,,,
322508,91,2614_MSA.fa.ufboot.ale.uml_rec,0,0.13,0,0.4,0.79,,,
322512,91,2618_MSA.fa.ufboot.ale.uml_rec,0,0.74,0,0,0.74,,,
322518,91,2623_MSA.fa.ufboot.ale.uml_rec,0,0.01,0,0.01,0.92,,,
322520,91,2625_MSA.fa.ufboot.ale.uml_rec,0,0.38,0,0.04,0.51,,,
322521,91,2626_MSA.fa.ufboot.ale.uml_rec,0,0.3,0,0,0.75,,,
322523,91,2628_MSA.fa.ufboot.ale.uml_rec,0,0.39,0,0.36,0.78,,,
322524,91,2629_MSA.fa.ufboot.ale.uml_rec,0,0.02,0,0.38,0.94,,,
322527,91,2631_MSA.fa.ufboot.ale.uml_rec,0,0.02,0,0.03,0.78,,,
322531,91,2636_MSA.fa.ufboot.ale.uml_rec,0,0.02,0,0,0.94,,,
322533,91,2638_MSA.fa.ufboot.ale.uml_rec,0,0.02,0,0,0.76,,,
322534,91,2639_MSA.fa.ufboot.ale.uml_rec,0,0.02,0,0,0.73,,,
322547,91,2652_MSA.fa.ufboot.ale.uml_rec,0,0.01,0,0.02,0.74,,,
322550,91,2655_MSA.fa.ufboot.ale.uml_rec,0,0.42,0,0.08,0.68,,,
322551,91,2656_MSA.fa.ufboot.ale.uml_rec,0,0.01,0,0.01,0.8,,,
322559,91,2663_MSA.fa.ufboot.ale.uml_rec,0,0.09,0,0.17,0.71,,,
322567,91,2671_MSA.fa.ufboot.ale.uml_rec,0,0.74,0,0.04,0.89,,,
322569,91,2673_MSA.fa.ufboot.ale.uml_rec,0,0.02,0,0.61,0.68,,,
322571,91,2675_MSA.fa.ufboot.ale.uml_rec,0,0.24,0,0.31,0.72,,,
322572,91,2676_MSA.fa.ufboot.ale.uml_rec,0,0,0,0,1,,,
322573,91,2677_MSA.fa.ufboot.ale.uml_rec,0,0.56,0,0.04,0.76,,,
322575,91,2679_MSA.fa.ufboot.ale.uml_rec,0,0.06,0,0,1,,,
322577,91,2680_MSA.fa.ufboot.ale.uml_rec,0,0.4,0,0.01,0.57,,,
322578,91,2681_MSA.fa.ufboot.ale.uml_rec,0,0,0,0.13,0.54,,,
322580,91,2683_MSA.fa.ufboot.ale.uml_rec,0,0,0,0,1,,,
322581,91,2684_MSA.fa.ufboot.ale.uml_rec,0,0.08,0,0.55,0.7,,,
322585,91,2689_MSA.fa.ufboot.ale.uml_rec,0,0.03,0,0.59,0.88,,,
322586,91,2690_MSA.fa.ufboot.ale.uml_rec,0,0.01,0,0.01,0.61,,,
322589,91,2693_MSA.fa.ufboot.ale.uml_rec,0,0.15,0,0.21,0.89,,,
322591,91,2695_MSA.fa.ufboot.ale.uml_rec,0,0.02,0,0.67,0.82,,,
322592,91,2696_MSA.fa.ufboot.ale.uml_rec,0,0.05,0,0.11,0.7,,,
322593,91,2697_MSA.fa.ufboot.ale.uml_rec,0,0.05,0,0.03,0.85,,,
322602,91,2705_MSA.fa.ufboot.ale.uml_rec,0,0.23,0,0.22,0.55,,,
322604,91,2707_MSA.fa.ufboot.ale.uml_rec,0,0.04,0,0.06,0.91,,,
322610,91,2713_MSA.fa.ufboot.ale.uml_rec,0,0.03,0,0.18,0.85,,,
322611,91,2714_MSA.fa.ufboot.ale.uml_rec,0,0,0,0.44,0.52,,,
322617,91,2720_MSA.fa.ufboot.ale.uml_rec,0,0.01,0,0,1,,,
322618,91,2721_MSA.fa.ufboot.ale.uml_rec,0,0.2,0,0.01,0.95,,,
322619,91,2722_MSA.fa.ufboot.ale.uml_rec,0,0,0,0.01,0.96,,,
322624,91,2727_MSA.fa.ufboot.ale.uml_rec,0,0.27,0,0.35,0.71,,,
322629,91,2731_MSA.fa.ufboot.ale.uml_rec,0,0.05,0,0.02,0.66,,,
322630,91,2732_MSA.fa.ufboot.ale.uml_rec,0,0.01,0,0,1,,,
322631,91,2733_MSA.fa.ufboot.ale.uml_rec,0,0.01,0,0.45,0.51,,,
322633,91,2735_MSA.fa.ufboot.ale.uml_rec,0,0,0,0.56,0.62,,,
322635,91,2737_MSA.fa.ufboot.ale.uml_rec,0,0.02,0,0.17,0.68,,,
322636,91,2738_MSA.fa.ufboot.ale.uml_rec,0,0,0,0.12,0.83,,,
322637,91,2739_MSA.fa.ufboot.ale.uml_rec,0,0.02,0,0.01,1.01,,,
322638,91,2740_MSA.fa.ufboot.ale.uml_rec,0,0.03,0,0,0.9,,,
322639,91,2741_MSA.fa.ufboot.ale.uml_rec,0,0.02,0,0,0.98,,,
322642,91,2744_MSA.fa.ufboot.ale.uml_rec,0,0.85,0,0,0.86,,,
322645,91,2747_MSA.fa.ufboot.ale.uml_rec,0,0.21,0,0,0.87,,,
322646,91,2748_MSA.fa.ufboot.ale.uml_rec,0,0.02,0,0.01,1,,,
322650,91,2751_MSA.fa.ufboot.ale.uml_rec,0,0.03,0,0.92,0.97,,,
322654,91,2755_MSA.fa.ufboot.ale.uml_rec,0,0.47,0,0.03,0.6,,,
322662,91,2764_MSA.fa.ufboot.ale.uml_rec,0,0.02,0,0.02,0.76,,,
322663,91,2765_MSA.fa.ufboot.ale.uml_rec,0,0.87,0,0.01,0.91,,,
322664,91,2766_MSA.fa.ufboot.ale.uml_rec,0,0.49,0,0.01,0.64,,,
322669,91,2770_MSA.fa.ufboot.ale.uml_rec,0,0.16,0,0.3,0.89,,,
322675,91,2776_MSA.fa.ufboot.ale.uml_rec,0,0.4,0,0,0.52,,,
322682,91,2782_MSA.fa.ufboot.ale.uml_rec,0,0,0,0,0.97,,,
322695,91,2796_MSA.fa.ufboot.ale.uml_rec,0,0.01,0,0.54,0.68,,,
322698,91,2799_MSA.fa.ufboot.ale.uml_rec,0,0.09,0,0.03,0.58,,,
322702,91,2802_MSA.fa.ufboot.ale.uml_rec,0,0,0,0,1,,,
322704,91,2804_MSA.fa.ufboot.ale.uml_rec,0,0.52,0,0.01,0.55,,,
322705,91,2805_MSA.fa.ufboot.ale.uml_rec,0,0,0,0.03,0.97,,,
322707,91,2807_MSA.fa.ufboot.ale.uml_rec,0,0.12,0,0.1,0.8,,,
322743,91,2842_MSA.fa.ufboot.ale.uml_rec,0,0.02,0,0.3,0.88,,,
322749,91,2848_MSA.fa.ufboot.ale.uml_rec,0,0.04,0,0.01,0.89,,,
322752,91,2850_MSA.fa.ufboot.ale.uml_rec,0,0.01,0,0.69,0.72,,,
322753,91,2851_MSA.fa.ufboot.ale.uml_rec,0,0.04,0,0.42,0.73,,,
322757,91,2855_MSA.fa.ufboot.ale.uml_rec,0,0,0,0.01,0.96,,,
322768,91,2868_MSA.fa.ufboot.ale.uml_rec,0,0.03,0,0,0.63,,,
322769,91,2869_MSA.fa.ufboot.ale.uml_rec,0,0.15,0,0.08,0.9,,,
322780,91,2882_MSA.fa.ufboot.ale.uml_rec,0,0.15,0,0.24,0.5,,,
322781,91,2884_MSA.fa.ufboot.ale.uml_rec,0,0.11,0,0.3,0.62,,,
322784,91,2888_MSA.fa.ufboot.ale.uml_rec,0,0.3,0,0.08,0.7,,,
322785,91,2889_MSA.fa.ufboot.ale.uml_rec,0,0.21,0,0.2,0.61,,,
322788,91,2891_MSA.fa.ufboot.ale.uml_rec,0,0.02,0,0.03,1,,,
322793,91,2896_MSA.fa.ufboot.ale.uml_rec,0,0.01,0,0.01,0.73,,,
322794,91,2897_MSA.fa.ufboot.ale.uml_rec,0,0.46,0,0.08,0.77,,,
322796,91,2899_MSA.fa.ufboot.ale.uml_rec,0,0,0,0.01,0.99,,,
322798,91,2900_MSA.fa.ufboot.ale.uml_rec,0,0.01,0,0,0.94,,,
322807,91,2909_MSA.fa.ufboot.ale.uml_rec,0,0.13,0,0,0.98,,,
322816,91,2918_MSA.fa.ufboot.ale.uml_rec,0,0.47,0,0.13,0.65,,,
322820,91,2921_MSA.fa.ufboot.ale.uml_rec,0,0,0,0,0.98,,,
322823,91,2924_MSA.fa.ufboot.ale.uml_rec,0,0.6,0,0,0.92,,,
322833,91,2936_MSA.fa.ufboot.ale.uml_rec,0,0.12,0,0.04,0.52,,,
322837,91,2940_MSA.fa.ufboot.ale.uml_rec,0,0,0,0,1,,,
322839,91,2942_MSA.fa.ufboot.ale.uml_rec,0,0.12,0,0.02,0.71,,,
322841,91,2944_MSA.fa.ufboot.ale.uml_rec,0,0.05,0,0.01,0.89,,,
322843,91,2946_MSA.fa.ufboot.ale.uml_rec,0,0,0,0,1,,,
322844,91,2947_MSA.fa.ufboot.ale.uml_rec,0,0,0,0,1,,,
322851,91,2955_MSA.fa.ufboot.ale.uml_rec,0,0.09,0,0.22,0.99,,,
322855,91,2959_MSA.fa.ufboot.ale.uml_rec,0,0.07,0,0.02,0.87,,,
322857,91,2960_MSA.fa.ufboot.ale.uml_rec,0,0.01,0,0.02,0.83,,,
322864,91,2967_MSA.fa.ufboot.ale.uml_rec,0,0.04,0,0.05,0.7,,,
322876,91,2978_MSA.fa.ufboot.ale.uml_rec,0,0.14,0,0.08,0.95,,,
322880,91,2981_MSA.fa.ufboot.ale.uml_rec,0,0.01,0,0.57,0.67,,,
322881,91,2983_MSA.fa.ufboot.ale.uml_rec,0,0.02,0,0.01,1,,,
322882,91,2984_MSA.fa.ufboot.ale.uml_rec,0,0.03,0,0,0.7,,,
322887,91,2989_MSA.fa.ufboot.ale.uml_rec,0,0.1,0,0.28,0.65,,,
322889,91,2990_MSA.fa.ufboot.ale.uml_rec,0,0.05,0,0,0.61,,,
322890,91,2991_MSA.fa.ufboot.ale.uml_rec,0,0.11,0,0.38,0.6,,,
322891,91,2992_MSA.fa.ufboot.ale.uml_rec,0,0.1,0,0.01,0.79,,,
322892,91,2993_MSA.fa.ufboot.ale.uml_rec,0,0.03,0,0.02,1,,,
322894,91,2996_MSA.fa.ufboot.ale.uml_rec,0,0.04,0,0.12,0.61,,,
322897,91,2999_MSA.fa.ufboot.ale.uml_rec,0,0,0,0,0.96,,,
322901,91,3001_MSA.fa.ufboot.ale.uml_rec,0,0.7,0,0,0.72,,,
322906,91,3006_MSA.fa.ufboot.ale.uml_rec,0,0,0,0.01,0.93,,,
322918,91,3018_MSA.fa.ufboot.ale.uml_rec,0,0.02,0,0.03,0.52,,,
322923,91,3022_MSA.fa.ufboot.ale.uml_rec,0,0.21,0,0,0.56,,,
322924,91,3023_MSA.fa.ufboot.ale.uml_rec,0,0.14,0,0.26,0.64,,,
322927,91,3027_MSA.fa.ufboot.ale.uml_rec,0,0.07,0,0.19,0.85,,,
322928,91,3028_MSA.fa.ufboot.ale.uml_rec,0,0.54,0,0,0.66,,,
322932,91,3031_MSA.fa.ufboot.ale.uml_rec,0,0.14,0,0.25,0.52,,,
322936,91,3035_MSA.fa.ufboot.ale.uml_rec,0,0.41,0,0.08,0.79,,,
322937,91,3036_MSA.fa.ufboot.ale.uml_rec,0,0.01,0,0,0.99,,,
322939,91,3038_MSA.fa.ufboot.ale.uml_rec,0,0.01,0,0.01,0.88,,,
322940,91,3039_MSA.fa.ufboot.ale.uml_rec,0,0.07,0,0,0.97,,,
322942,91,3040_MSA.fa.ufboot.ale.uml_rec,0,0.19,0,0.08,0.57,,,
322944,91,3042_MSA.fa.ufboot.ale.uml_rec,0,0.01,0,0,0.99,,,
322992,91,3105_MSA.fa.ufboot.ale.uml_rec,0,0,0,0.49,0.61,,,
322998,91,3077_MSA.fa.ufboot.ale.uml_rec,0,0.02,0,0.01,0.99,,,
323001,91,3089_MSA.fa.ufboot.ale.uml_rec,0,0.04,0,0.19,0.66,,,
323005,91,3106_MSA.fa.ufboot.ale.uml_rec,0,0,0,0.76,0.91,,,
323016,91,3083_MSA.fa.ufboot.ale.uml_rec,0,0.08,0,0.42,0.57,,,
323027,91,3076_MSA.fa.ufboot.ale.uml_rec,0,0.04,0,0.04,0.73,,,
323038,91,3135_MSA.fa.ufboot.ale.uml_rec,0,0.47,0,0.04,0.53,,,
323039,91,3163_MSA.fa.ufboot.ale.uml_rec,0,0.12,0,0.35,0.57,,,
323042,91,3102_MSA.fa.ufboot.ale.uml_rec,0,0.32,0,0.03,0.54,,,
323045,91,3138_MSA.fa.ufboot.ale.uml_rec,0,0.11,0,0.14,0.65,,,
323050,91,3068_MSA.fa.ufboot.ale.uml_rec,0,0.07,0,0.02,0.98,,,
323055,91,3159_MSA.fa.ufboot.ale.uml_rec,0,0.16,0,0.28,0.95,,,
323057,91,3140_MSA.fa.ufboot.ale.uml_rec,0,0.37,0,0.07,0.73,,,
323061,91,3071_MSA.fa.ufboot.ale.uml_rec,0,0.13,0,0.09,0.63,,,
323062,91,3153_MSA.fa.ufboot.ale.uml_rec,0,0.07,0,0.15,0.62,,,
323063,91,3122_MSA.fa.ufboot.ale.uml_rec,0,0.37,0,0.03,0.53,,,
323071,91,3129_MSA.fa.ufboot.ale.uml_rec,0,0.46,0,0.03,0.69,,,
323072,91,3139_MSA.fa.ufboot.ale.uml_rec,0,0.1,0,0.11,0.83,,,
323074,91,3177_MSA.fa.ufboot.ale.uml_rec,0,0,0,0.68,0.72,,,
323080,91,3133_MSA.fa.ufboot.ale.uml_rec,0,0.01,0,0.82,0.89,,,
323082,91,3169_MSA.fa.ufboot.ale.uml_rec,0,0.11,0,0.43,0.81,,,
323096,91,3178_MSA.fa.ufboot.ale.uml_rec,0,0.36,0,0.25,0.9,,,
323099,91,3141_MSA.fa.ufboot.ale.uml_rec,0,0.02,0,0.03,0.87,,,
323111,91,3160_MSA.fa.ufboot.ale.uml_rec,0,0.01,0,0.55,0.71,,,
323115,91,3214_MSA.fa.ufboot.ale.uml_rec,0,0.1,0,0.41,1,,,
323122,91,3187_MSA.fa.ufboot.ale.uml_rec,0,0.49,0,0.12,0.81,,,
323125,91,325_MSA.fa.ufboot.ale.uml_rec,0,0.03,0,0.33,0.53,,,
323131,91,3240_MSA.fa.ufboot.ale.uml_rec,0,0,0,0.01,0.9,,,
323132,91,3211_MSA.fa.ufboot.ale.uml_rec,0,0.3,0,0.17,0.65,,,
323139,91,3234_MSA.fa.ufboot.ale.uml_rec,0,0.05,0,0.02,0.99,,,
323149,91,3238_MSA.fa.ufboot.ale.uml_rec,0,0,0,0.01,0.99,,,
323162,91,3247_MSA.fa.ufboot.ale.uml_rec,0,0.05,0,0.03,0.93,,,
323166,91,3241_MSA.fa.ufboot.ale.uml_rec,0,0,0,0,0.99,,,
323171,91,3263_MSA.fa.ufboot.ale.uml_rec,0,0.05,0,0.01,0.98,,,
323182,91,3282_MSA.fa.ufboot.ale.uml_rec,0,0.53,0,0,0.64,,,
323184,91,3291_MSA.fa.ufboot.ale.uml_rec,0,0.54,0,0,0.54,,,
323185,91,3295_MSA.fa.ufboot.ale.uml_rec,0,0.04,0,0.02,0.91,,,
323191,91,3290_MSA.fa.ufboot.ale.uml_rec,0,0.23,0,0.01,0.54,,,
323200,91,3300_MSA.fa.ufboot.ale.uml_rec,0,0.03,0,0.13,0.8,,,
323214,91,333_MSA.fa.ufboot.ale.uml_rec,0,0.07,0,0.08,0.78,,,
323224,91,3353_MSA.fa.ufboot.ale.uml_rec,0,0.02,0,0.45,0.54,,,
323291,91,3285_MSA.fa.ufboot.ale.uml_rec,0,0.01,0,0.06,0.98,,,
323292,91,3328_MSA.fa.ufboot.ale.uml_rec,0,0.01,0,0.5,0.62,,,
323297,91,3354_MSA.fa.ufboot.ale.uml_rec,0,0.13,0,0.04,0.6,,,
323310,91,3421_MSA.fa.ufboot.ale.uml_rec,0,0.03,0,0.07,0.65,,,
323315,91,3394_MSA.fa.ufboot.ale.uml_rec,0,0,0,0.01,0.97,,,
323320,91,3406_MSA.fa.ufboot.ale.uml_rec,0,0,0,0,1,,,
323323,91,3312_MSA.fa.ufboot.ale.uml_rec,0,0,0,0,1,,,
323334,91,3425_MSA.fa.ufboot.ale.uml_rec,0,0.05,0,0.17,0.74,,,
323355,91,3454_MSA.fa.ufboot.ale.uml_rec,0,0.08,0,0.06,1,,,
323361,91,3462_MSA.fa.ufboot.ale.uml_rec,0,0.08,0,0.27,0.52,,,
323365,91,3439_MSA.fa.ufboot.ale.uml_rec,0,0.2,0,0.08,0.86,,,
323394,91,3504_MSA.fa.ufboot.ale.uml_rec,0,0.02,0,0.6,0.77,,,
323395,91,3473_MSA.fa.ufboot.ale.uml_rec,0,0.02,0,0.06,0.51,,,
323398,91,3481_MSA.fa.ufboot.ale.uml_rec,0,0.07,0,0.15,0.63,,,
323402,91,3467_MSA.fa.ufboot.ale.uml_rec,0,0.18,0,0.01,0.69,,,
323424,91,3471_MSA.fa.ufboot.ale.uml_rec,0,0,0,0.02,0.97,,,
323430,91,3485_MSA.fa.ufboot.ale.uml_rec,0,0.1,0,0.51,0.72,,,
323431,91,3509_MSA.fa.ufboot.ale.uml_rec,0,0,0,0.53,0.6,,,
323433,91,3506_MSA.fa.ufboot.ale.uml_rec,0,0.18,0,0.57,0.88,,,
323434,91,3483_MSA.fa.ufboot.ale.uml_rec,0,0.03,0,0.77,0.87,,,
323438,91,3513_MSA.fa.ufboot.ale.uml_rec,0,0.02,0,0.66,0.82,,,
323447,91,3532_MSA.fa.ufboot.ale.uml_rec,0,0.02,0,0.01,0.91,,,
323453,91,3543_MSA.fa.ufboot.ale.uml_rec,0,0,0,0,1,,,
323460,91,3563_MSA.fa.ufboot.ale.uml_rec,0,0.27,0,0.14,0.55,,,
323470,91,3537_MSA.fa.ufboot.ale.uml_rec,0,0.01,0,0.06,0.77,,,
323473,91,3482_MSA.fa.ufboot.ale.uml_rec,0,0.24,0,0.01,0.95,,,
323475,91,3576_MSA.fa.ufboot.ale.uml_rec,0,0.02,0,0.47,0.55,,,
323485,91,3542_MSA.fa.ufboot.ale.uml_rec,0,0,0,0.63,0.86,,,
323487,91,3535_MSA.fa.ufboot.ale.uml_rec,0,0,0,0,1,,,
323491,91,3555_MSA.fa.ufboot.ale.uml_rec,0,0.6,0,0,0.61,,,
323503,91,3598_MSA.fa.ufboot.ale.uml_rec,0,0.01,0,0,1,,,
323516,91,3593_MSA.fa.ufboot.ale.uml_rec,0,0,0,0,1,,,
323535,91,3637_MSA.fa.ufboot.ale.uml_rec,0,0.6,0,0,0.6,,,
323541,91,3591_MSA.fa.ufboot.ale.uml_rec,0,0,0,0,1,,,
323542,91,3625_MSA.fa.ufboot.ale.uml_rec,0,0.04,0,0.01,0.83,,,
323557,91,3655_MSA.fa.ufboot.ale.uml_rec,0,0,0,0.54,0.59,,,
323574,91,3654_MSA.fa.ufboot.ale.uml_rec,0,0.03,0,0.07,0.51,,,
323575,91,3675_MSA.fa.ufboot.ale.uml_rec,0,0,0,0.41,0.55,,,
323576,91,3671_MSA.fa.ufboot.ale.uml_rec,0,0,0,0,1,,,
323578,91,3668_MSA.fa.ufboot.ale.uml_rec,0,0.01,0,0.02,0.79,,,
323584,91,3653_MSA.fa.ufboot.ale.uml_rec,0,0.04,0,0.32,0.55,,,
323606,91,3692_MSA.fa.ufboot.ale.uml_rec,0,0.05,0,0.06,0.63,,,
323652,91,3739_MSA.fa.ufboot.ale.uml_rec,0,0.03,0,0,0.74,,,
323655,91,3750_MSA.fa.ufboot.ale.uml_rec,0,0,0,0.03,0.95,,,
323663,91,3744_MSA.fa.ufboot.ale.uml_rec,0,0.13,0,0.23,0.81,,,
323684,91,3719_MSA.fa.ufboot.ale.uml_rec,0,0.02,0,0.08,0.94,,,
323686,91,3742_MSA.fa.ufboot.ale.uml_rec,0,0.1,0,0.11,0.84,,,
323695,91,3667_MSA.fa.ufboot.ale.uml_rec,0,0.01,0,0.01,0.99,,,
323745,91,3836_MSA.fa.ufboot.ale.uml_rec,0,0,0,0,1,,,
323758,91,3843_MSA.fa.ufboot.ale.uml_rec,0,0.02,0,0.03,0.9,,,
323760,91,3820_MSA.fa.ufboot.ale.uml_rec,0,0,0,0.42,0.56,,,
323779,91,3859_MSA.fa.ufboot.ale.uml_rec,0,0,0,0.97,1,,,
323793,91,3870_MSA.fa.ufboot.ale.uml_rec,0,0,0,0.65,0.81,,,
323803,91,3881_MSA.fa.ufboot.ale.uml_rec,0,0.02,0,0.45,0.64,,,
323827,91,3903_MSA.fa.ufboot.ale.uml_rec,0,0,0,0.02,0.59,,,
323831,91,3918_MSA.fa.ufboot.ale.uml_rec,0,0,0,0.47,0.5,,,
323847,91,3944_MSA.fa.ufboot.ale.uml_rec,0,0,0,0,1,,,
323865,91,3957_MSA.fa.ufboot.ale.uml_rec,0,0.06,0,0.01,0.98,,,
323870,91,3951_MSA.fa.ufboot.ale.uml_rec,0,0.01,0,0.04,0.5,,,
323885,91,3938_MSA.fa.ufboot.ale.uml_rec,0,0.01,0,0.72,0.87,,,
323916,91,4003_MSA.fa.ufboot.ale.uml_rec,0,0,0,0.64,0.71,,,
323921,91,3968_MSA.fa.ufboot.ale.uml_rec,0,0.09,0,0.46,0.69,,,
323924,91,3983_MSA.fa.ufboot.ale.uml_rec,0,0.02,0,0.59,0.78,,,
323925,91,3981_MSA.fa.ufboot.ale.uml_rec,0,0.02,0,0.67,0.8,,,
323926,91,3987_MSA.fa.ufboot.ale.uml_rec,0,0.01,0,0.73,0.9,,,
323934,91,3975_MSA.fa.ufboot.ale.uml_rec,0,0,0,0.7,0.92,,,
323999,91,4066_MSA.fa.ufboot.ale.uml_rec,0,0.26,0,0.02,0.82,,,
324008,91,4090_MSA.fa.ufboot.ale.uml_rec,0,0.01,0,0.65,0.85,,,
324031,91,4097_MSA.fa.ufboot.ale.uml_rec,0,0.03,0,0.47,0.64,,,
324039,91,4102_MSA.fa.ufboot.ale.uml_rec,0,0,0,0,1,,,
324042,91,4122_MSA.fa.ufboot.ale.uml_rec,0,0.05,0,0.35,0.51,,,
324047,91,4088_MSA.fa.ufboot.ale.uml_rec,0,0.05,0,0.44,0.53,,,
324048,91,4141_MSA.fa.ufboot.ale.uml_rec,0,0.13,0,0.03,0.52,,,
324049,91,4135_MSA.fa.ufboot.ale.uml_rec,0,0.03,0,0.5,0.6,,,
324056,91,4098_MSA.fa.ufboot.ale.uml_rec,0,0.03,0,0.68,0.9,,,
324084,91,4155_MSA.fa.ufboot.ale.uml_rec,0,0.23,0,0.22,0.67,,,
324114,91,4195_MSA.fa.ufboot.ale.uml_rec,0,0,0,0.89,1,,,
324141,91,4202_MSA.fa.ufboot.ale.uml_rec,0,0.04,0,0.78,0.88,,,
324142,91,4205_MSA.fa.ufboot.ale.uml_rec,0,0.01,0,0,0.99,,,
324153,91,4173_MSA.fa.ufboot.ale.uml_rec,0,0.05,0,0.43,0.6,,,
324166,91,4250_MSA.fa.ufboot.ale.uml_rec,0,0.01,0,0.4,0.51,,,
324169,91,4256_MSA.fa.ufboot.ale.uml_rec,0,0,0,0,1,,,
324194,91,4251_MSA.fa.ufboot.ale.uml_rec,0,0.06,0,0.01,0.99,,,
324202,91,4263_MSA.fa.ufboot.ale.uml_rec,0,0.14,0,0.01,0.87,,,
324215,91,4274_MSA.fa.ufboot.ale.uml_rec,0,0.34,0,0.12,0.74,,,
324244,91,4303_MSA.fa.ufboot.ale.uml_rec,0,0,0,0.54,0.62,,,
324263,91,4285_MSA.fa.ufboot.ale.uml_rec,0,0.02,0,0.37,0.53,,,
324289,91,4352_MSA.fa.ufboot.ale.uml_rec,0,0,0,0.02,0.66,,,
324342,91,432_MSA.fa.ufboot.ale.uml_rec,0,0,0,0,1,,,
324343,91,4406_MSA.fa.ufboot.ale.uml_rec,0,0,0,0.92,1,,,
324356,91,4376_MSA.fa.ufboot.ale.uml_rec,0,0.25,0,0.22,0.58,,,
324358,91,4407_MSA.fa.ufboot.ale.uml_rec,0,0,0,0.91,1,,,
324381,91,4401_MSA.fa.ufboot.ale.uml_rec,0,0,0,0.46,0.51,,,
324401,91,4463_MSA.fa.ufboot.ale.uml_rec,0,0,0,0.82,1,,,
324412,91,4478_MSA.fa.ufboot.ale.uml_rec,0,0.11,0,0.32,0.7,,,
324434,91,4499_MSA.fa.ufboot.ale.uml_rec,0,0,0,0,1,,,
324440,91,4473_MSA.fa.ufboot.ale.uml_rec,0,0,0,0.38,0.52,,,
324441,91,4494_MSA.fa.ufboot.ale.uml_rec,0,0.12,0,0.24,0.57,,,
324442,91,436_MSA.fa.ufboot.ale.uml_rec,0,0.02,0,0.01,0.98,,,
324459,91,4512_MSA.fa.ufboot.ale.uml_rec,0,0.02,0,0.09,0.78,,,
324460,91,4504_MSA.fa.ufboot.ale.uml_rec,0,0,0,0,1,,,
324476,91,4540_MSA.fa.ufboot.ale.uml_rec,0,0.04,0,0.37,0.52,,,
324478,91,4510_MSA.fa.ufboot.ale.uml_rec,0,0.07,0,0.15,0.8,,,
324479,91,4511_MSA.fa.ufboot.ale.uml_rec,0,0.02,0,0.01,0.96,,,
324483,91,4508_MSA.fa.ufboot.ale.uml_rec,0,0.01,0,0.01,0.93,,,
324523,91,4563_MSA.fa.ufboot.ale.uml_rec,0,0.03,0,0.46,0.68,,,
324527,91,4553_MSA.fa.ufboot.ale.uml_rec,0,0,0,0,1,,,
324534,91,4591_MSA.fa.ufboot.ale.uml_rec,0,0,0,0.76,0.84,,,
324543,91,4562_MSA.fa.ufboot.ale.uml_rec,0,0,0,0.6,0.72,,,
324545,91,4566_MSA.fa.ufboot.ale.uml_rec,0,0.02,0,0.34,0.5,,,
324610,91,4648_MSA.fa.ufboot.ale.uml_rec,0,0,0,0,1,,,
324614,91,4659_MSA.fa.ufboot.ale.uml_rec,0,0,0,0,1,,,
324638,91,4682_MSA.fa.ufboot.ale.uml_rec,0,0.06,0,0.12,0.79,,,
324650,91,4701_MSA.fa.ufboot.ale.uml_rec,0,0,0,0.84,1,,,
324757,91,4791_MSA.fa.ufboot.ale.uml_rec,0,0,0,0,1,,,
324766,91,4800_MSA.fa.ufboot.ale.uml_rec,0,0.01,0,0.4,0.51,,,
324789,91,4757_MSA.fa.ufboot.ale.uml_rec,0,0.01,0,0.33,0.76,,,
324792,91,4823_MSA.fa.ufboot.ale.uml_rec,0,0,0,0,1,,,
324814,91,4848_MSA.fa.ufboot.ale.uml_rec,0,0.01,0,0.03,0.84,,,
324818,91,4835_MSA.fa.ufboot.ale.uml_rec,0,0,0,0.44,0.57,,,
324827,91,4828_MSA.fa.ufboot.ale.uml_rec,0,0,0,0,1,,,
324829,91,4879_MSA.fa.ufboot.ale.uml_rec,0,0,0,0.58,0.71,,,
324849,91,4888_MSA.fa.ufboot.ale.uml_rec,0,0,0,0.88,1,,,
324854,91,4824_MSA.fa.ufboot.ale.uml_rec,0,0,0,0,1,,,
324864,91,4882_MSA.fa.ufboot.ale.uml_rec,0,0,0,0.88,1,,,
324964,91,4987_MSA.fa.ufboot.ale.uml_rec,0,0,0,0.67,0.81,,,
325023,91,5029_MSA.fa.ufboot.ale.uml_rec,0,0.03,0,0.39,0.57,,,
325034,91,5034_MSA.fa.ufboot.ale.uml_rec,0,0,0,0,1,,,
325081,91,5111_MSA.fa.ufboot.ale.uml_rec,0,0.03,0,0.43,0.61,,,
325083,91,5107_MSA.fa.ufboot.ale.uml_rec,0,0.02,0,0.64,0.78,,,
325103,91,5114_MSA.fa.ufboot.ale.uml_rec,0,0.05,0,0.53,0.77,,,
325122,91,5137_MSA.fa.ufboot.ale.uml_rec,0,0,0,0.81,1,,,
325196,91,498_MSA.fa.ufboot.ale.uml_rec,0,0.34,0,0.12,0.58,,,
325209,91,5219_MSA.fa.ufboot.ale.uml_rec,0,0,0,0.69,0.85,,,
325247,91,5266_MSA.fa.ufboot.ale.uml_rec,0,0,0,0,1,,,
325269,91,5280_MSA.fa.ufboot.ale.uml_rec,0,0.02,0,0.5,0.62,,,
325336,91,5353_MSA.fa.ufboot.ale.uml_rec,0,0,0,0,1,,,
325340,91,517_MSA.fa.ufboot.ale.uml_rec,0,0.34,0,0.19,0.65,,,
325346,91,5339_MSA.fa.ufboot.ale.uml_rec,0,0.1,0,0.27,0.73,,,
325349,91,5354_MSA.fa.ufboot.ale.uml_rec,0,0,0,0.89,1,,,
325353,91,5355_MSA.fa.ufboot.ale.uml_rec,0,0,0,0.83,1,,,
325357,91,5338_MSA.fa.ufboot.ale.uml_rec,0,0,0,0.87,1,,,
325358,91,5356_MSA.fa.ufboot.ale.uml_rec,0,0.02,0,0.74,0.89,,,
325365,91,5359_MSA.fa.ufboot.ale.uml_rec,0,0.08,0,0.53,0.8,,,
325371,91,5368_MSA.fa.ufboot.ale.uml_rec,0,0.07,0,0.28,0.5,,,
325373,91,5362_MSA.fa.ufboot.ale.uml_rec,0,0,0,0.44,0.57,,,
325410,91,511_MSA.fa.ufboot.ale.uml_rec,0,0.03,0,0.17,0.9,,,
325471,91,5465_MSA.fa.ufboot.ale.uml_rec,0,0,0,0,1,,,
325509,91,532_MSA.fa.ufboot.ale.uml_rec,0,0.01,0,0,0.93,,,
325526,91,5502_MSA.fa.ufboot.ale.uml_rec,0,0,0,0.72,1,,,
325528,91,5507_MSA.fa.ufboot.ale.uml_rec,0,0,0,0.75,1,,,
325540,91,5527_MSA.fa.ufboot.ale.uml_rec,0,0,0,0.78,1,,,
325542,91,5525_MSA.fa.ufboot.ale.uml_rec,0,0.04,0,0.38,0.56,,,
325572,91,5560_MSA.fa.ufboot.ale.uml_rec,0,0,0,0.7,1,,,
325588,91,5570_MSA.fa.ufboot.ale.uml_rec,0,0,0,0,1,,,
325654,91,5637_MSA.fa.ufboot.ale.uml_rec,0,0.05,0,0.56,0.74,,,
325665,91,5647_MSA.fa.ufboot.ale.uml_rec,0,0,0,0.58,0.69,,,
325899,91,5868_MSA.fa.ufboot.ale.uml_rec,0,0,0,0.73,1,,,
325966,91,5921_MSA.fa.ufboot.ale.uml_rec,0,0,0,0.75,0.95,,,
325979,91,5935_MSA.fa.ufboot.ale.uml_rec,0,0,0,0.8,1,,,
325980,91,5931_MSA.fa.ufboot.ale.uml_rec,0,0.03,0,0.37,0.62,,,
325986,91,5954_MSA.fa.ufboot.ale.uml_rec,0,0,0,0.8,1,,,
325999,91,5948_MSA.fa.ufboot.ale.uml_rec,0,0.03,0,0.6,0.75,,,
326003,91,5953_MSA.fa.ufboot.ale.uml_rec,0,0.01,0,0.55,0.62,,,
326004,91,5955_MSA.fa.ufboot.ale.uml_rec,0,0.01,0,0.54,0.77,,,
326006,91,5950_MSA.fa.ufboot.ale.uml_rec,0,0.16,0,0.52,0.83,,,
326010,91,5963_MSA.fa.ufboot.ale.uml_rec,0,0,0,0.8,1,,,
326022,91,5960_MSA.fa.ufboot.ale.uml_rec,0,0.01,0,0.53,0.63,,,
326154,91,608_MSA.fa.ufboot.ale.uml_rec,0,0.12,0,0.38,0.63,,,
326210,91,611_MSA.fa.ufboot.ale.uml_rec,0,0.04,0,0.38,0.5,,,
326229,91,601_MSA.fa.ufboot.ale.uml_rec,0,0.01,0,0.63,0.71,,,
326241,91,6193_MSA.fa.ufboot.ale.uml_rec,0,0,0,0,1,,,
326292,91,6226_MSA.fa.ufboot.ale.uml_rec,0,0,0,0.69,1,,,
326293,91,6232_MSA.fa.ufboot.ale.uml_rec,0,0.03,0,0.36,0.53,,,
326342,91,6263_MSA.fa.ufboot.ale.uml_rec,0,0.04,0,0.23,0.74,,,
326361,91,6246_MSA.fa.ufboot.ale.uml_rec,0,0,0,0.83,1,,,
326371,91,6297_MSA.fa.ufboot.ale.uml_rec,0,0,0,0,1,,,
326379,91,6292_MSA.fa.ufboot.ale.uml_rec,0,0,0,0,0.98,,,
326408,91,6328_MSA.fa.ufboot.ale.uml_rec,0,0,0,0.86,1,,,
326417,91,6347_MSA.fa.ufboot.ale.uml_rec,0,0,0,0,1,,,
326437,91,620_MSA.fa.ufboot.ale.uml_rec,0,0,0,0.73,0.92,,,
326453,91,6366_MSA.fa.ufboot.ale.uml_rec,0,0,0,0.91,1,,,
326457,91,6390_MSA.fa.ufboot.ale.uml_rec,0,0,0,0.77,1,,,
326466,91,6397_MSA.fa.ufboot.ale.uml_rec,0,0,0,0.86,1,,,
326473,91,6387_MSA.fa.ufboot.ale.uml_rec,0,0,0,0.79,1,,,
326483,91,6408_MSA.fa.ufboot.ale.uml_rec,0,0,0,0.71,1,,,
326485,91,6411_MSA.fa.ufboot.ale.uml_rec,0,0,0,0.83,1,,,
326486,91,6418_MSA.fa.ufboot.ale.uml_rec,0,0,0,0.76,0.97,,,
326487,91,6417_MSA.fa.ufboot.ale.uml_rec,0,0.01,0,0.35,0.51,,,
326488,91,6402_MSA.fa.ufboot.ale.uml_rec,0,0,0,0.84,1,,,
326489,91,6388_MSA.fa.ufboot.ale.uml_rec,0,0,0,0.79,1,,,
326493,91,6424_MSA.fa.ufboot.ale.uml_rec,0,0.08,0,0.26,0.75,,,
326494,91,6410_MSA.fa.ufboot.ale.uml_rec,0,0.01,0,0.84,0.97,,,
326495,91,6412_MSA.fa.ufboot.ale.uml_rec,0,0,0,0.88,1,,,
326504,91,6422_MSA.fa.ufboot.ale.uml_rec,0,0.01,0,0.61,0.8,,,
326505,91,6426_MSA.fa.ufboot.ale.uml_rec,0,0,0,0.6,0.72,,,
326506,91,6427_MSA.fa.ufboot.ale.uml_rec,0,0.01,0,0.63,0.77,,,
326514,91,6438_MSA.fa.ufboot.ale.uml_rec,0,0.01,0,0.62,0.8,,,
326521,91,6434_MSA.fa.ufboot.ale.uml_rec,0,0,0,0.7,1,,,
326523,91,6443_MSA.fa.ufboot.ale.uml_rec,0,0,0,0.64,0.88,,,
326529,91,6436_MSA.fa.ufboot.ale.uml_rec,0,0,0,0.79,1,,,
326601,91,636_MSA.fa.ufboot.ale.uml_rec,0,0.06,0,0.64,0.81,,,
326612,91,617_MSA.fa.ufboot.ale.uml_rec,0,1.07,0,0.16,1.35,,,
326786,91,630_MSA.fa.ufboot.ale.uml_rec,0,0.16,0,0.02,0.92,,,
326798,91,66_MSA.fa.ufboot.ale.uml_rec,0,0.02,0,0.5,0.62,,,
326857,91,622_MSA.fa.ufboot.ale.uml_rec,0,0.23,0,0.11,0.59,,,
326861,91,643_MSA.fa.ufboot.ale.uml_rec,0,0.66,0,0.01,0.72,,,
326889,91,644_MSA.fa.ufboot.ale.uml_rec,0,0.43,0,0.01,0.69,,,
326891,91,6777_MSA.fa.ufboot.ale.uml_rec,0,0,0,0,1,,,
326997,91,6882_MSA.fa.ufboot.ale.uml_rec,0,0.01,0,0.51,0.61,,,
327053,91,6933_MSA.fa.ufboot.ale.uml_rec,0,0,0,0,1,,,
327092,91,6967_MSA.fa.ufboot.ale.uml_rec,0,0,0,0,1,,,
327132,91,7010_MSA.fa.ufboot.ale.uml_rec,0,0,0,0.85,1,,,
327171,91,660_MSA.fa.ufboot.ale.uml_rec,0,0.02,0,0.01,0.99,,,
327182,91,7056_MSA.fa.ufboot.ale.uml_rec,0,0,0,0.78,1,,,
327184,91,7055_MSA.fa.ufboot.ale.uml_rec,0,0,0,0.53,0.7,,,
327186,91,7060_MSA.fa.ufboot.ale.uml_rec,0,0.01,0,0.51,0.66,,,
327187,91,7059_MSA.fa.ufboot.ale.uml_rec,0,0,0,0.78,1,,,
327200,91,7068_MSA.fa.ufboot.ale.uml_rec,0,0.01,0,0.44,0.58,,,
327203,91,7070_MSA.fa.ufboot.ale.uml_rec,0,0.01,0,0.52,0.62,,,
327209,91,7079_MSA.fa.ufboot.ale.uml_rec,0,0,0,0.74,1,,,
327214,91,7080_MSA.fa.ufboot.ale.uml_rec,0,0,0,0.45,0.58,,,
327220,91,7086_MSA.fa.ufboot.ale.uml_rec,0,0,0,0.74,1,,,
327230,91,7098_MSA.fa.ufboot.ale.uml_rec,0,0,0,0.67,1,,,
327233,91,7102_MSA.fa.ufboot.ale.uml_rec,0,0,0,0.67,1,,,
327239,91,7104_MSA.fa.ufboot.ale.uml_rec,0,0,0,0.8,1,,,
327481,91,712_MSA.fa.ufboot.ale.uml_rec,0,0,0,0.52,0.6,,,
327637,91,708_MSA.fa.ufboot.ale.uml_rec,0,0.04,0,0.05,0.67,,,
327969,91,771_MSA.fa.ufboot.ale.uml_rec,0,0.07,0,0.4,0.61,,,
328045,91,800_MSA.fa.ufboot.ale.uml_rec,0,0,0,0.82,1,,,
328119,91,746_MSA.fa.ufboot.ale.uml_rec,0,0.53,0,0.01,0.57,,,
328133,91,792_MSA.fa.ufboot.ale.uml_rec,0,0.01,0,0.66,0.71,,,
328151,91,748_MSA.fa.ufboot.ale.uml_rec,0,0.18,0,0.33,0.95,,,
328160,91,854_MSA.fa.ufboot.ale.uml_rec,0,0.08,0,0,0.98,,,
328162,91,853_MSA.fa.ufboot.ale.uml_rec,0,0.02,0,0.01,0.99,,,
328169,91,909_MSA.fa.ufboot.ale.uml_rec,0,0.16,0,0.25,0.55,,,
328176,91,850_MSA.fa.ufboot.ale.uml_rec,0,0.53,0,0.03,0.6,,,
328186,91,871_MSA.fa.ufboot.ale.uml_rec,0,0.02,0,0.1,0.96,,,
328193,91,843_MSA.fa.ufboot.ale.uml_rec,0,0.06,0,0.08,0.85,,,
328194,91,972_MSA.fa.ufboot.ale.uml_rec,0,0.08,0,0.12,0.76,,,
328200,91,844_MSA.fa.ufboot.ale.uml_rec,0,0.58,0,0.01,0.86,,,
328202,91,967_MSA.fa.ufboot.ale.uml_rec,0,0.35,0,0.01,0.53,,,
328203,91,918_MSA.fa.ufboot.ale.uml_rec,0,0.21,0,0.11,0.91,,,
328207,91,936_MSA.fa.ufboot.ale.uml_rec,0,0.06,0,0.03,0.72,,,
328219,91,840_MSA.fa.ufboot.ale.uml_rec,0,0.07,0,0,0.58,,,
328220,91,887_MSA.fa.ufboot.ale.uml_rec,0,0.03,0,0.01,0.96,,,
328222,91,963_MSA.fa.ufboot.ale.uml_rec,0,0.49,0,0.02,0.54,,,
328224,91,910_MSA.fa.ufboot.ale.uml_rec,0,0.03,0,0,0.96,,,
328225,91,934_MSA.fa.ufboot.ale.uml_rec,0,0.04,0,0.08,0.85,,,
